/*
 Navicat Premium Data Transfer

 Source Server         : mysql
 Source Server Type    : MySQL
 Source Server Version : 50726
 Source Host           : localhost:3306
 Source Schema         : online_education

 Target Server Type    : MySQL
 Target Server Version : 50726
 File Encoding         : 65001

 Date: 25/11/2023 21:38:42
*/

SET NAMES utf8mb4;
SET FOREIGN_KEY_CHECKS = 0;

-- ----------------------------
-- Table structure for acl_permission
-- ----------------------------
DROP TABLE IF EXISTS `acl_permission`;
CREATE TABLE `acl_permission`  (
  `id` char(19) CHARACTER SET utf8mb4 COLLATE utf8mb4_general_ci NOT NULL DEFAULT '' COMMENT '编号',
  `pid` char(19) CHARACTER SET utf8mb4 COLLATE utf8mb4_general_ci NOT NULL DEFAULT '' COMMENT '所属上级',
  `name` varchar(20) CHARACTER SET utf8mb4 COLLATE utf8mb4_general_ci NOT NULL DEFAULT '' COMMENT '名称',
  `type` tinyint(3) NOT NULL DEFAULT 0 COMMENT '类型(1:菜单,2:按钮)',
  `permission_value` varchar(50) CHARACTER SET utf8mb4 COLLATE utf8mb4_general_ci NULL DEFAULT NULL COMMENT '权限值',
  `path` varchar(100) CHARACTER SET utf8mb4 COLLATE utf8mb4_general_ci NULL DEFAULT NULL COMMENT '访问路径',
  `component` varchar(100) CHARACTER SET utf8mb4 COLLATE utf8mb4_general_ci NULL DEFAULT NULL COMMENT '组件路径',
  `icon` varchar(50) CHARACTER SET utf8mb4 COLLATE utf8mb4_general_ci NULL DEFAULT NULL COMMENT '图标',
  `status` tinyint(4) NULL DEFAULT NULL COMMENT '状态(0:禁止,1:正常)',
  `is_deleted` tinyint(1) UNSIGNED NOT NULL DEFAULT 0 COMMENT '逻辑删除 1（true）已删除， 0（false）未删除',
  `gmt_create` datetime(0) NULL DEFAULT NULL COMMENT '创建时间',
  `gmt_modified` datetime(0) NULL DEFAULT NULL COMMENT '更新时间',
  PRIMARY KEY (`id`) USING BTREE,
  INDEX `idx_pid`(`pid`) USING BTREE
) ENGINE = InnoDB CHARACTER SET = utf8mb4 COLLATE = utf8mb4_general_ci COMMENT = '权限' ROW_FORMAT = Dynamic;

-- ----------------------------
-- Records of acl_permission
-- ----------------------------
INSERT INTO `acl_permission` VALUES ('1', '0', '全部数据', 0, NULL, NULL, NULL, NULL, NULL, 0, '2019-11-15 17:13:06', '2019-11-15 17:13:06');
INSERT INTO `acl_permission` VALUES ('1195268474480156673', '1', '权限管理', 1, NULL, '/acl', 'Layout', NULL, NULL, 0, '2019-11-15 17:13:06', '2019-11-18 13:54:25');
INSERT INTO `acl_permission` VALUES ('1195268616021139457', '1195268474480156673', '用户管理', 1, NULL, 'user/list', '/acl/user/list', NULL, NULL, 0, '2019-11-15 17:13:40', '2019-11-18 13:53:12');
INSERT INTO `acl_permission` VALUES ('1195268788138598401', '1195268474480156673', '角色管理', 1, NULL, 'role/list', '/acl/role/list', NULL, NULL, 0, '2019-11-15 17:14:21', '2019-11-15 17:14:21');
INSERT INTO `acl_permission` VALUES ('1195268893830864898', '1195268474480156673', '菜单管理', 1, NULL, 'menu/list', '/acl/menu/list', NULL, NULL, 0, '2019-11-15 17:14:46', '2019-11-15 17:14:46');
INSERT INTO `acl_permission` VALUES ('1195269143060602882', '1195268616021139457', '查看', 2, 'user.list', '', '', NULL, NULL, 0, '2019-11-15 17:15:45', '2019-11-17 21:57:16');
INSERT INTO `acl_permission` VALUES ('1195269295926206466', '1195268616021139457', '添加', 2, 'user.add', 'user/add', '/acl/user/form', NULL, NULL, 0, '2019-11-15 17:16:22', '2019-11-15 17:16:22');
INSERT INTO `acl_permission` VALUES ('1195269473479483394', '1195268616021139457', '修改', 2, 'user.update', 'user/update/:id', '/acl/user/form', NULL, NULL, 0, '2019-11-15 17:17:04', '2019-11-15 17:17:04');
INSERT INTO `acl_permission` VALUES ('1195269547269873666', '1195268616021139457', '删除', 2, 'user.remove', '', '', NULL, NULL, 0, '2019-11-15 17:17:22', '2019-11-15 17:17:22');
INSERT INTO `acl_permission` VALUES ('1195269821262782465', '1195268788138598401', '修改', 2, 'role.update', 'role/update/:id', '/acl/role/form', NULL, NULL, 0, '2019-11-15 17:18:27', '2019-11-15 17:19:53');
INSERT INTO `acl_permission` VALUES ('1195269903542444034', '1195268788138598401', '查看', 2, 'role.list', '', '', NULL, NULL, 0, '2019-11-15 17:18:47', '2019-11-15 17:18:47');
INSERT INTO `acl_permission` VALUES ('1195270037005197313', '1195268788138598401', '添加', 2, 'role.add', 'role/add', '/acl/role/form', NULL, NULL, 0, '2019-11-15 17:19:19', '2019-11-18 11:05:42');
INSERT INTO `acl_permission` VALUES ('1195270442602782721', '1195268788138598401', '删除', 2, 'role.remove', '', '', NULL, NULL, 0, '2019-11-15 17:20:55', '2019-11-15 17:20:55');
INSERT INTO `acl_permission` VALUES ('1195270621548568578', '1195268788138598401', '角色权限', 2, 'role.acl', 'role/distribution/:id', '/acl/role/roleForm', NULL, NULL, 0, '2019-11-15 17:21:38', '2019-11-15 17:21:38');
INSERT INTO `acl_permission` VALUES ('1195270744097742849', '1195268893830864898', '查看', 2, 'permission.list', '', '', NULL, NULL, 0, '2019-11-15 17:22:07', '2019-11-15 17:22:07');
INSERT INTO `acl_permission` VALUES ('1195270810560684034', '1195268893830864898', '添加', 2, 'permission.add', '', '', NULL, NULL, 0, '2019-11-15 17:22:23', '2019-11-15 17:22:23');
INSERT INTO `acl_permission` VALUES ('1195270862100291586', '1195268893830864898', '修改', 2, 'permission.update', '', '', NULL, NULL, 0, '2019-11-15 17:22:35', '2019-11-15 17:22:35');
INSERT INTO `acl_permission` VALUES ('1195270887933009922', '1195268893830864898', '删除', 2, 'permission.remove', '', '', NULL, NULL, 0, '2019-11-15 17:22:41', '2019-11-15 17:22:41');
INSERT INTO `acl_permission` VALUES ('1195349439240048642', '1', '讲师管理', 1, NULL, '/teacher', 'Layout', NULL, NULL, 0, '2019-11-15 22:34:49', '2019-11-15 22:34:49');
INSERT INTO `acl_permission` VALUES ('1195349699995734017', '1195349439240048642', '讲师列表', 1, NULL, 'table', '/edu/teacher/list', NULL, NULL, 0, '2019-11-15 22:35:52', '2019-11-15 22:35:52');
INSERT INTO `acl_permission` VALUES ('1195349810561781761', '1195349439240048642', '添加讲师', 1, NULL, 'save', '/edu/teacher/save', NULL, NULL, 0, '2019-11-15 22:36:18', '2019-11-15 22:36:18');
INSERT INTO `acl_permission` VALUES ('1195349876252971010', '1195349810561781761', '添加', 2, 'teacher.add', '', '', NULL, NULL, 0, '2019-11-15 22:36:34', '2019-11-15 22:36:34');
INSERT INTO `acl_permission` VALUES ('1195349979797753857', '1195349699995734017', '查看', 2, 'teacher.list', '', '', NULL, NULL, 0, '2019-11-15 22:36:58', '2019-11-15 22:36:58');
INSERT INTO `acl_permission` VALUES ('1195350117270261762', '1195349699995734017', '修改', 2, 'teacher.update', 'edit/:id', '/edu/teacher/save', NULL, NULL, 0, '2019-11-15 22:37:31', '2019-11-15 22:37:31');
INSERT INTO `acl_permission` VALUES ('1195350188359520258', '1195349699995734017', '删除', 2, 'teacher.remove', '', '', NULL, NULL, 0, '2019-11-15 22:37:48', '2019-11-15 22:37:48');
INSERT INTO `acl_permission` VALUES ('1195350299365969922', '1', '课程分类', 1, NULL, '/subject', 'Layout', NULL, NULL, 0, '2019-11-15 22:38:15', '2019-11-15 22:38:15');
INSERT INTO `acl_permission` VALUES ('1195350397751758850', '1195350299365969922', '课程分类列表', 1, NULL, 'list', '/edu/subject/list', NULL, NULL, 0, '2019-11-15 22:38:38', '2019-11-15 22:38:38');
INSERT INTO `acl_permission` VALUES ('1195350500512206850', '1195350299365969922', '导入课程分类', 1, NULL, 'save', '/edu/subject/save', NULL, NULL, 0, '2019-11-15 22:39:03', '2019-11-15 22:39:03');
INSERT INTO `acl_permission` VALUES ('1195350612172967938', '1195350397751758850', '查看', 2, 'subject.list', '', '', NULL, NULL, 0, '2019-11-15 22:39:29', '2019-11-15 22:39:29');
INSERT INTO `acl_permission` VALUES ('1195350687590748161', '1195350500512206850', '导入', 2, 'subject.import', '', '', NULL, NULL, 0, '2019-11-15 22:39:47', '2019-11-15 22:39:47');
INSERT INTO `acl_permission` VALUES ('1195350831744782337', '1', '课程管理', 1, NULL, '/course', 'Layout', NULL, NULL, 0, '2019-11-15 22:40:21', '2019-11-15 22:40:21');
INSERT INTO `acl_permission` VALUES ('1195350919074385921', '1195350831744782337', '课程列表', 1, NULL, 'list', '/edu/course/list', NULL, NULL, 0, '2019-11-15 22:40:42', '2019-11-15 22:40:42');
INSERT INTO `acl_permission` VALUES ('1195351020463296513', '1195350831744782337', '发布课程', 1, NULL, 'info', '/edu/course/info', NULL, NULL, 0, '2019-11-15 22:41:06', '2019-11-15 22:41:06');
INSERT INTO `acl_permission` VALUES ('1195351159672246274', '1195350919074385921', '完成发布', 2, 'course.publish', 'publish/:id', '/edu/course/publish', NULL, NULL, 0, '2019-11-15 22:41:40', '2019-11-15 22:44:01');
INSERT INTO `acl_permission` VALUES ('1195351326706208770', '1195350919074385921', '编辑课程', 2, 'course.update', 'info/:id', '/edu/course/info', NULL, NULL, 0, '2019-11-15 22:42:19', '2019-11-15 22:42:19');
INSERT INTO `acl_permission` VALUES ('1195351566221938690', '1195350919074385921', '编辑课程大纲', 2, 'chapter.update', 'chapter/:id', '/edu/course/chapter', NULL, NULL, 0, '2019-11-15 22:43:17', '2019-11-15 22:43:17');
INSERT INTO `acl_permission` VALUES ('1195351862889254913', '1', '统计分析', 1, NULL, '/sta', 'Layout', NULL, NULL, 0, '2019-11-15 22:44:27', '2019-11-15 22:44:27');
INSERT INTO `acl_permission` VALUES ('1195351968841568257', '1195351862889254913', '生成统计', 1, NULL, 'create', '/sta/create', NULL, NULL, 0, '2019-11-15 22:44:53', '2019-11-15 22:44:53');
INSERT INTO `acl_permission` VALUES ('1195352054917074946', '1195351862889254913', '统计图表', 1, NULL, 'show', '/sta/show', NULL, NULL, 0, '2019-11-15 22:45:13', '2019-11-15 22:45:13');
INSERT INTO `acl_permission` VALUES ('1195352127734386690', '1195352054917074946', '查看', 2, 'daily.list', '', '', NULL, NULL, 0, '2019-11-15 22:45:30', '2019-11-15 22:45:30');
INSERT INTO `acl_permission` VALUES ('1195352215768633346', '1195351968841568257', '生成', 2, 'daily.add', '', '', NULL, NULL, 0, '2019-11-15 22:45:51', '2019-11-15 22:45:51');
INSERT INTO `acl_permission` VALUES ('1195352547621965825', '1', 'CMS管理', 1, NULL, '/cms', 'Layout', NULL, NULL, 0, '2019-11-15 22:47:11', '2019-11-18 10:51:46');
INSERT INTO `acl_permission` VALUES ('1195352613549205505', '1195352547621965825', 'Bander列表', 1, NULL, 'banner/list', '/cms/banner/list', NULL, NULL, 0, '2019-11-15 22:51:01', '2019-11-18 10:51:29');
INSERT INTO `acl_permission` VALUES ('1195352856645701633', '1195352613549205505', '查看', 2, 'banner.list', '', NULL, NULL, NULL, 0, '2019-11-15 22:48:24', '2019-11-15 22:48:24');
INSERT INTO `acl_permission` VALUES ('1195352909401657346', '1195352613549205505', '添加', 2, 'banner.add', 'banner/add', '/cms/banner/form', NULL, NULL, 0, '2019-11-15 22:48:37', '2019-11-18 10:52:10');
INSERT INTO `acl_permission` VALUES ('1195353051395624961', '1195352613549205505', '修改', 2, 'banner.update', 'banner/update/:id', '/cms/banner/form', NULL, NULL, 0, '2019-11-15 22:49:11', '2019-11-18 10:52:05');
INSERT INTO `acl_permission` VALUES ('1195353672110673921', '1195352613549205505', '删除', 2, 'banner.remove', '', '', NULL, NULL, 0, '2019-11-15 22:51:39', '2019-11-15 22:51:39');
INSERT INTO `acl_permission` VALUES ('1195354076890370050', '1', '订单管理', 1, NULL, '/order', 'Layout', NULL, NULL, 0, '2019-11-15 22:53:15', '2019-11-15 22:53:15');
INSERT INTO `acl_permission` VALUES ('1195354153482555393', '1195354076890370050', '订单列表', 1, NULL, 'list', '/order/list', NULL, NULL, 0, '2019-11-15 22:53:33', '2019-11-15 22:53:58');
INSERT INTO `acl_permission` VALUES ('1195354315093282817', '1195354153482555393', '查看', 2, 'order.list', '', '', NULL, NULL, 0, '2019-11-15 22:54:12', '2019-11-15 22:54:12');
INSERT INTO `acl_permission` VALUES ('1196301740985311234', '1195268616021139457', '分配角色', 2, 'user.assgin', 'user/role/:id', '/acl/user/roleForm', NULL, NULL, 0, '2019-11-18 13:38:56', '2019-11-18 13:38:56');
INSERT INTO `acl_permission` VALUES ('1676510056486559745', '1', '文章管理', 1, NULL, '/article', 'Layout', NULL, NULL, 0, '2023-07-05 16:35:20', '2023-07-05 16:35:20');
INSERT INTO `acl_permission` VALUES ('1676510329451864065', '1676510056486559745', '文章列表', 1, NULL, 'list', '/edu/article/list', NULL, NULL, 0, '2023-07-05 16:36:25', '2023-07-05 16:38:04');
INSERT INTO `acl_permission` VALUES ('1676510603935506434', '1676510056486559745', '添加文章', 1, NULL, 'save', '/edu/article/save', NULL, NULL, 0, '2023-07-05 17:05:44', '2023-07-05 17:05:44');
INSERT INTO `acl_permission` VALUES ('1676517704908955650', '1676510603935506434', '添加', 2, 'article.add', '', '', NULL, NULL, 0, '2023-07-05 17:06:18', '2023-07-05 17:06:18');
INSERT INTO `acl_permission` VALUES ('1676517849331425282', '1676510329451864065', '查看', 2, 'article.list', '', '', NULL, NULL, 0, '2023-07-05 16:37:31', '2023-07-05 16:37:31');
INSERT INTO `acl_permission` VALUES ('1676517993258967042', '1676510329451864065', '修改', 2, 'article.update', 'edit/:id', '/edu/article/save', NULL, NULL, 0, '2023-07-05 17:06:52', '2023-07-05 17:07:52');
INSERT INTO `acl_permission` VALUES ('1676518113207672833', '1676510329451864065', '删除', 2, 'article.remove', '', '', NULL, NULL, 0, '2023-07-05 17:07:21', '2023-07-05 17:07:21');
INSERT INTO `acl_permission` VALUES ('1676861082964099074', '1676510056486559745', '文章类别', 1, NULL, 'cate', '/edu/article/cate', NULL, NULL, 0, '2023-07-06 15:50:11', '2023-07-06 15:50:11');
INSERT INTO `acl_permission` VALUES ('1676861262543224833', '1676861082964099074', '查看', 2, 'cate.list', '', '', NULL, NULL, 0, '2023-07-06 15:50:54', '2023-07-06 15:50:54');

-- ----------------------------
-- Table structure for acl_role
-- ----------------------------
DROP TABLE IF EXISTS `acl_role`;
CREATE TABLE `acl_role`  (
  `id` char(19) CHARACTER SET utf8 COLLATE utf8_general_ci NOT NULL DEFAULT '' COMMENT '角色id',
  `role_name` varchar(20) CHARACTER SET utf8 COLLATE utf8_general_ci NOT NULL DEFAULT '' COMMENT '角色名称',
  `role_code` varchar(20) CHARACTER SET utf8 COLLATE utf8_general_ci NULL DEFAULT NULL COMMENT '角色编码',
  `remark` varchar(255) CHARACTER SET utf8 COLLATE utf8_general_ci NULL DEFAULT NULL COMMENT '备注',
  `is_deleted` tinyint(1) UNSIGNED NOT NULL DEFAULT 0 COMMENT '逻辑删除 1（true）已删除， 0（false）未删除',
  `gmt_create` datetime(0) NOT NULL COMMENT '创建时间',
  `gmt_modified` datetime(0) NOT NULL COMMENT '更新时间',
  PRIMARY KEY (`id`) USING BTREE
) ENGINE = InnoDB CHARACTER SET = utf8 COLLATE = utf8_general_ci ROW_FORMAT = Dynamic;

-- ----------------------------
-- Records of acl_role
-- ----------------------------
INSERT INTO `acl_role` VALUES ('1', '普通管理员', NULL, NULL, 0, '2019-11-11 13:09:32', '2019-11-18 10:27:18');
INSERT INTO `acl_role` VALUES ('1193757683205607426', '课程管理员', NULL, NULL, 0, '2019-11-11 13:09:45', '2019-11-18 10:25:44');
INSERT INTO `acl_role` VALUES ('1196300996034977794', 'test', NULL, NULL, 0, '2019-11-18 13:35:58', '2019-11-18 13:35:58');

-- ----------------------------
-- Table structure for acl_role_permission
-- ----------------------------
DROP TABLE IF EXISTS `acl_role_permission`;
CREATE TABLE `acl_role_permission`  (
  `id` char(19) CHARACTER SET utf8 COLLATE utf8_general_ci NOT NULL DEFAULT '',
  `role_id` char(19) CHARACTER SET utf8 COLLATE utf8_general_ci NOT NULL DEFAULT '',
  `permission_id` char(19) CHARACTER SET utf8 COLLATE utf8_general_ci NOT NULL DEFAULT '',
  `is_deleted` tinyint(1) UNSIGNED NOT NULL DEFAULT 0 COMMENT '逻辑删除 1（true）已删除， 0（false）未删除',
  `gmt_create` datetime(0) NOT NULL COMMENT '创建时间',
  `gmt_modified` datetime(0) NOT NULL COMMENT '更新时间',
  PRIMARY KEY (`id`) USING BTREE,
  INDEX `idx_role_id`(`role_id`) USING BTREE,
  INDEX `idx_permission_id`(`permission_id`) USING BTREE
) ENGINE = InnoDB CHARACTER SET = utf8 COLLATE = utf8_general_ci COMMENT = '角色权限' ROW_FORMAT = Dynamic;

-- ----------------------------
-- Records of acl_role_permission
-- ----------------------------
INSERT INTO `acl_role_permission` VALUES ('1196301979754455041', '1', '1', 1, '2019-11-18 13:39:53', '2019-11-18 13:39:53');
INSERT INTO `acl_role_permission` VALUES ('1196301979792203778', '1', '1195268474480156673', 1, '2019-11-18 13:39:53', '2019-11-18 13:39:53');
INSERT INTO `acl_role_permission` VALUES ('1196301979821563906', '1', '1195268616021139457', 1, '2019-11-18 13:39:53', '2019-11-18 13:39:53');
INSERT INTO `acl_role_permission` VALUES ('1196301979842535426', '1', '1195269143060602882', 1, '2019-11-18 13:39:53', '2019-11-18 13:39:53');
INSERT INTO `acl_role_permission` VALUES ('1196301979855118338', '1', '1195269295926206466', 1, '2019-11-18 13:39:53', '2019-11-18 13:39:53');
INSERT INTO `acl_role_permission` VALUES ('1196301979880284161', '1', '1195269473479483394', 1, '2019-11-18 13:39:53', '2019-11-18 13:39:53');
INSERT INTO `acl_role_permission` VALUES ('1196301979913838593', '1', '1195269547269873666', 1, '2019-11-18 13:39:53', '2019-11-18 13:39:53');
INSERT INTO `acl_role_permission` VALUES ('1196301979926421506', '1', '1196301740985311234', 1, '2019-11-18 13:39:53', '2019-11-18 13:39:53');
INSERT INTO `acl_role_permission` VALUES ('1196301979951587330', '1', '1195268788138598401', 1, '2019-11-18 13:39:53', '2019-11-18 13:39:53');
INSERT INTO `acl_role_permission` VALUES ('1196301980014501889', '1', '1195269821262782465', 1, '2019-11-18 13:39:53', '2019-11-18 13:39:53');
INSERT INTO `acl_role_permission` VALUES ('1196301980035473410', '1', '1195269903542444034', 1, '2019-11-18 13:39:53', '2019-11-18 13:39:53');
INSERT INTO `acl_role_permission` VALUES ('1196301980052250626', '1', '1195270037005197313', 1, '2019-11-18 13:39:53', '2019-11-18 13:39:53');
INSERT INTO `acl_role_permission` VALUES ('1196301980077416450', '1', '1195270442602782721', 1, '2019-11-18 13:39:53', '2019-11-18 13:39:53');
INSERT INTO `acl_role_permission` VALUES ('1196301980094193665', '1', '1195270621548568578', 1, '2019-11-18 13:39:53', '2019-11-18 13:39:53');
INSERT INTO `acl_role_permission` VALUES ('1196301980119359489', '1', '1195268893830864898', 1, '2019-11-18 13:39:53', '2019-11-18 13:39:53');
INSERT INTO `acl_role_permission` VALUES ('1196301980136136706', '1', '1195270744097742849', 1, '2019-11-18 13:39:53', '2019-11-18 13:39:53');
INSERT INTO `acl_role_permission` VALUES ('1196301980249382913', '1', '1195270810560684034', 1, '2019-11-18 13:39:53', '2019-11-18 13:39:53');
INSERT INTO `acl_role_permission` VALUES ('1196301980270354434', '1', '1195270862100291586', 1, '2019-11-18 13:39:53', '2019-11-18 13:39:53');
INSERT INTO `acl_role_permission` VALUES ('1196301980287131649', '1', '1195270887933009922', 1, '2019-11-18 13:39:53', '2019-11-18 13:39:53');
INSERT INTO `acl_role_permission` VALUES ('1196301980303908866', '1', '1195349439240048642', 1, '2019-11-18 13:39:53', '2019-11-18 13:39:53');
INSERT INTO `acl_role_permission` VALUES ('1196301980320686082', '1', '1195349699995734017', 1, '2019-11-18 13:39:53', '2019-11-18 13:39:53');
INSERT INTO `acl_role_permission` VALUES ('1196301980345851905', '1', '1195349979797753857', 1, '2019-11-18 13:39:53', '2019-11-18 13:39:53');
INSERT INTO `acl_role_permission` VALUES ('1196301980362629121', '1', '1195350117270261762', 1, '2019-11-18 13:39:53', '2019-11-18 13:39:53');
INSERT INTO `acl_role_permission` VALUES ('1196301980383600641', '1', '1195350188359520258', 1, '2019-11-18 13:39:53', '2019-11-18 13:39:53');
INSERT INTO `acl_role_permission` VALUES ('1196301980408766465', '1', '1195349810561781761', 1, '2019-11-18 13:39:53', '2019-11-18 13:39:53');
INSERT INTO `acl_role_permission` VALUES ('1196301980421349378', '1', '1195349876252971010', 1, '2019-11-18 13:39:53', '2019-11-18 13:39:53');
INSERT INTO `acl_role_permission` VALUES ('1196301980438126593', '1', '1195350299365969922', 1, '2019-11-18 13:39:53', '2019-11-18 13:39:53');
INSERT INTO `acl_role_permission` VALUES ('1196301980450709506', '1', '1195350397751758850', 1, '2019-11-18 13:39:53', '2019-11-18 13:39:53');
INSERT INTO `acl_role_permission` VALUES ('1196301980501041153', '1', '1195350612172967938', 1, '2019-11-18 13:39:53', '2019-11-18 13:39:53');
INSERT INTO `acl_role_permission` VALUES ('1196301980517818370', '1', '1195350500512206850', 1, '2019-11-18 13:39:53', '2019-11-18 13:39:53');
INSERT INTO `acl_role_permission` VALUES ('1196301980538789889', '1', '1195350687590748161', 1, '2019-11-18 13:39:53', '2019-11-18 13:39:53');
INSERT INTO `acl_role_permission` VALUES ('1196301980622675970', '1', '1195350831744782337', 1, '2019-11-18 13:39:53', '2019-11-18 13:39:53');
INSERT INTO `acl_role_permission` VALUES ('1196301980639453186', '1', '1195350919074385921', 1, '2019-11-18 13:39:53', '2019-11-18 13:39:53');
INSERT INTO `acl_role_permission` VALUES ('1196301980660424705', '1', '1195351159672246274', 1, '2019-11-18 13:39:53', '2019-11-18 13:39:53');
INSERT INTO `acl_role_permission` VALUES ('1196301980677201922', '1', '1195351326706208770', 1, '2019-11-18 13:39:53', '2019-11-18 13:39:53');
INSERT INTO `acl_role_permission` VALUES ('1196301980698173441', '1', '1195351566221938690', 1, '2019-11-18 13:39:53', '2019-11-18 13:39:53');
INSERT INTO `acl_role_permission` VALUES ('1196301980714950658', '1', '1195351020463296513', 1, '2019-11-18 13:39:53', '2019-11-18 13:39:53');
INSERT INTO `acl_role_permission` VALUES ('1196301980723339266', '1', '1195351862889254913', 1, '2019-11-18 13:39:53', '2019-11-18 13:39:53');
INSERT INTO `acl_role_permission` VALUES ('1196301980744310786', '1', '1195351968841568257', 1, '2019-11-18 13:39:53', '2019-11-18 13:39:53');
INSERT INTO `acl_role_permission` VALUES ('1196301980761088001', '1', '1195352215768633346', 1, '2019-11-18 13:39:53', '2019-11-18 13:39:53');
INSERT INTO `acl_role_permission` VALUES ('1196301980777865217', '1', '1195352054917074946', 1, '2019-11-18 13:39:53', '2019-11-18 13:39:53');
INSERT INTO `acl_role_permission` VALUES ('1196301980794642434', '1', '1195352127734386690', 1, '2019-11-18 13:39:53', '2019-11-18 13:39:53');
INSERT INTO `acl_role_permission` VALUES ('1196301980811419650', '1', '1195352547621965825', 1, '2019-11-18 13:39:53', '2019-11-18 13:39:53');
INSERT INTO `acl_role_permission` VALUES ('1196301980828196865', '1', '1195352613549205505', 1, '2019-11-18 13:39:53', '2019-11-18 13:39:53');
INSERT INTO `acl_role_permission` VALUES ('1196301980844974082', '1', '1195352856645701633', 1, '2019-11-18 13:39:53', '2019-11-18 13:39:53');
INSERT INTO `acl_role_permission` VALUES ('1196301980861751298', '1', '1195352909401657346', 1, '2019-11-18 13:39:53', '2019-11-18 13:39:53');
INSERT INTO `acl_role_permission` VALUES ('1196301980886917122', '1', '1195353051395624961', 1, '2019-11-18 13:39:53', '2019-11-18 13:39:53');
INSERT INTO `acl_role_permission` VALUES ('1196301980928860162', '1', '1195353672110673921', 1, '2019-11-18 13:39:53', '2019-11-18 13:39:53');
INSERT INTO `acl_role_permission` VALUES ('1196301980954025986', '1', '1195354076890370050', 1, '2019-11-18 13:39:53', '2019-11-18 13:39:53');
INSERT INTO `acl_role_permission` VALUES ('1196301980970803201', '1', '1195354153482555393', 1, '2019-11-18 13:39:53', '2019-11-18 13:39:53');
INSERT INTO `acl_role_permission` VALUES ('1196301980987580418', '1', '1195354315093282817', 1, '2019-11-18 13:39:53', '2019-11-18 13:39:53');
INSERT INTO `acl_role_permission` VALUES ('1196305293070077953', '1', '1', 1, '2019-11-18 13:53:03', '2019-11-18 13:53:03');
INSERT INTO `acl_role_permission` VALUES ('1196305293099438081', '1', '1195268474480156673', 1, '2019-11-18 13:53:03', '2019-11-18 13:53:03');
INSERT INTO `acl_role_permission` VALUES ('1196305293120409602', '1', '1195268616021139457', 1, '2019-11-18 13:53:03', '2019-11-18 13:53:03');
INSERT INTO `acl_role_permission` VALUES ('1196305293153964034', '1', '1195269143060602882', 1, '2019-11-18 13:53:03', '2019-11-18 13:53:03');
INSERT INTO `acl_role_permission` VALUES ('1196305293183324162', '1', '1195269295926206466', 1, '2019-11-18 13:53:03', '2019-11-18 13:53:03');
INSERT INTO `acl_role_permission` VALUES ('1196305293212684290', '1', '1195269473479483394', 1, '2019-11-18 13:53:03', '2019-11-18 13:53:03');
INSERT INTO `acl_role_permission` VALUES ('1196305293237850114', '1', '1195269547269873666', 1, '2019-11-18 13:53:03', '2019-11-18 13:53:03');
INSERT INTO `acl_role_permission` VALUES ('1196305293271404545', '1', '1196301740985311234', 1, '2019-11-18 13:53:03', '2019-11-18 13:53:03');
INSERT INTO `acl_role_permission` VALUES ('1196305293485314049', '1', '1195268788138598401', 1, '2019-11-18 13:53:03', '2019-11-18 13:53:03');
INSERT INTO `acl_role_permission` VALUES ('1196305293506285569', '1', '1195269821262782465', 1, '2019-11-18 13:53:03', '2019-11-18 13:53:03');
INSERT INTO `acl_role_permission` VALUES ('1196305293527257089', '1', '1195269903542444034', 1, '2019-11-18 13:53:03', '2019-11-18 13:53:03');
INSERT INTO `acl_role_permission` VALUES ('1196305293552422914', '1', '1195270037005197313', 1, '2019-11-18 13:53:03', '2019-11-18 13:53:03');
INSERT INTO `acl_role_permission` VALUES ('1196305293565005825', '1', '1195270442602782721', 1, '2019-11-18 13:53:03', '2019-11-18 13:53:03');
INSERT INTO `acl_role_permission` VALUES ('1196305293594365954', '1', '1195270621548568578', 1, '2019-11-18 13:53:03', '2019-11-18 13:53:03');
INSERT INTO `acl_role_permission` VALUES ('1196305293611143169', '1', '1195268893830864898', 1, '2019-11-18 13:53:03', '2019-11-18 13:53:03');
INSERT INTO `acl_role_permission` VALUES ('1196305293627920385', '1', '1195270744097742849', 1, '2019-11-18 13:53:03', '2019-11-18 13:53:03');
INSERT INTO `acl_role_permission` VALUES ('1196305293657280513', '1', '1195349439240048642', 1, '2019-11-18 13:53:03', '2019-11-18 13:53:03');
INSERT INTO `acl_role_permission` VALUES ('1196305293674057729', '1', '1195349699995734017', 1, '2019-11-18 13:53:03', '2019-11-18 13:53:03');
INSERT INTO `acl_role_permission` VALUES ('1196305293690834946', '1', '1195349979797753857', 1, '2019-11-18 13:53:03', '2019-11-18 13:53:03');
INSERT INTO `acl_role_permission` VALUES ('1196305293716000770', '1', '1195350117270261762', 1, '2019-11-18 13:53:03', '2019-11-18 13:53:03');
INSERT INTO `acl_role_permission` VALUES ('1196305293736972290', '1', '1195350188359520258', 1, '2019-11-18 13:53:03', '2019-11-18 13:53:03');
INSERT INTO `acl_role_permission` VALUES ('1196305293749555202', '1', '1195349810561781761', 1, '2019-11-18 13:53:03', '2019-11-18 13:53:03');
INSERT INTO `acl_role_permission` VALUES ('1196305293766332417', '1', '1195349876252971010', 1, '2019-11-18 13:53:03', '2019-11-18 13:53:03');
INSERT INTO `acl_role_permission` VALUES ('1196305293795692546', '1', '1195350299365969922', 1, '2019-11-18 13:53:03', '2019-11-18 13:53:03');
INSERT INTO `acl_role_permission` VALUES ('1196305293812469762', '1', '1195350397751758850', 1, '2019-11-18 13:53:03', '2019-11-18 13:53:03');
INSERT INTO `acl_role_permission` VALUES ('1196305293837635586', '1', '1195350612172967938', 1, '2019-11-18 13:53:03', '2019-11-18 13:53:03');
INSERT INTO `acl_role_permission` VALUES ('1196305293858607106', '1', '1195350500512206850', 1, '2019-11-18 13:53:03', '2019-11-18 13:53:03');
INSERT INTO `acl_role_permission` VALUES ('1196305293875384322', '1', '1195350687590748161', 1, '2019-11-18 13:53:03', '2019-11-18 13:53:03');
INSERT INTO `acl_role_permission` VALUES ('1196305293892161538', '1', '1195350831744782337', 1, '2019-11-18 13:53:03', '2019-11-18 13:53:03');
INSERT INTO `acl_role_permission` VALUES ('1196305293950881794', '1', '1195350919074385921', 1, '2019-11-18 13:53:03', '2019-11-18 13:53:03');
INSERT INTO `acl_role_permission` VALUES ('1196305293976047617', '1', '1195351159672246274', 1, '2019-11-18 13:53:03', '2019-11-18 13:53:03');
INSERT INTO `acl_role_permission` VALUES ('1196305294127042561', '1', '1195351326706208770', 1, '2019-11-18 13:53:03', '2019-11-18 13:53:03');
INSERT INTO `acl_role_permission` VALUES ('1196305294156402690', '1', '1195351566221938690', 1, '2019-11-18 13:53:03', '2019-11-18 13:53:03');
INSERT INTO `acl_role_permission` VALUES ('1196305294177374209', '1', '1195351862889254913', 1, '2019-11-18 13:53:03', '2019-11-18 13:53:03');
INSERT INTO `acl_role_permission` VALUES ('1196305294194151425', '1', '1195351968841568257', 1, '2019-11-18 13:53:03', '2019-11-18 13:53:03');
INSERT INTO `acl_role_permission` VALUES ('1196305294223511554', '1', '1195352215768633346', 1, '2019-11-18 13:53:03', '2019-11-18 13:53:03');
INSERT INTO `acl_role_permission` VALUES ('1196305294240288770', '1', '1195352054917074946', 1, '2019-11-18 13:53:03', '2019-11-18 13:53:03');
INSERT INTO `acl_role_permission` VALUES ('1196305294248677377', '1', '1195352127734386690', 1, '2019-11-18 13:53:03', '2019-11-18 13:53:03');
INSERT INTO `acl_role_permission` VALUES ('1196305294248677378', '1', '1195352547621965825', 1, '2019-11-18 13:53:03', '2019-11-18 13:53:03');
INSERT INTO `acl_role_permission` VALUES ('1196305294319980546', '1', '1195353513549205505', 1, '2019-11-18 13:53:03', '2019-11-18 13:53:03');
INSERT INTO `acl_role_permission` VALUES ('1196305294319980547', '1', '1195352856645701633', 1, '2019-11-18 13:53:03', '2019-11-18 13:53:03');
INSERT INTO `acl_role_permission` VALUES ('1196305294319980548', '1', '1195352909401657346', 1, '2019-11-18 13:53:03', '2019-11-18 13:53:03');
INSERT INTO `acl_role_permission` VALUES ('1196305294378700802', '1', '1195353051395624961', 1, '2019-11-18 13:53:03', '2019-11-18 13:53:03');
INSERT INTO `acl_role_permission` VALUES ('1196305294378700803', '1', '1195353672110673921', 1, '2019-11-18 13:53:03', '2019-11-18 13:53:03');
INSERT INTO `acl_role_permission` VALUES ('1196305294458392577', '1', '1195354076890370050', 1, '2019-11-18 13:53:03', '2019-11-18 13:53:03');
INSERT INTO `acl_role_permission` VALUES ('1196305294483558402', '1', '1195354153482555393', 1, '2019-11-18 13:53:03', '2019-11-18 13:53:03');
INSERT INTO `acl_role_permission` VALUES ('1196305294500335618', '1', '1195354315093282817', 1, '2019-11-18 13:53:03', '2019-11-18 13:53:03');
INSERT INTO `acl_role_permission` VALUES ('1196305566656139266', '1', '1', 1, '2019-11-18 13:54:08', '2019-11-18 13:54:08');
INSERT INTO `acl_role_permission` VALUES ('1196305566689693698', '1', '1195268474480156673', 1, '2019-11-18 13:54:08', '2019-11-18 13:54:08');
INSERT INTO `acl_role_permission` VALUES ('1196305566706470913', '1', '1195268616021139457', 1, '2019-11-18 13:54:08', '2019-11-18 13:54:08');
INSERT INTO `acl_role_permission` VALUES ('1196305566740025346', '1', '1195269143060602882', 1, '2019-11-18 13:54:08', '2019-11-18 13:54:08');
INSERT INTO `acl_role_permission` VALUES ('1196305566756802561', '1', '1195269295926206466', 1, '2019-11-18 13:54:08', '2019-11-18 13:54:08');
INSERT INTO `acl_role_permission` VALUES ('1196305566781968385', '1', '1195269473479483394', 1, '2019-11-18 13:54:08', '2019-11-18 13:54:08');
INSERT INTO `acl_role_permission` VALUES ('1196305566811328514', '1', '1195269547269873666', 1, '2019-11-18 13:54:08', '2019-11-18 13:54:08');
INSERT INTO `acl_role_permission` VALUES ('1196305566828105730', '1', '1196301740985311234', 1, '2019-11-18 13:54:08', '2019-11-18 13:54:08');
INSERT INTO `acl_role_permission` VALUES ('1196305566853271554', '1', '1195268788138598401', 1, '2019-11-18 13:54:08', '2019-11-18 13:54:08');
INSERT INTO `acl_role_permission` VALUES ('1196305566878437378', '1', '1195269821262782465', 1, '2019-11-18 13:54:08', '2019-11-18 13:54:08');
INSERT INTO `acl_role_permission` VALUES ('1196305566895214593', '1', '1195269903542444034', 1, '2019-11-18 13:54:08', '2019-11-18 13:54:08');
INSERT INTO `acl_role_permission` VALUES ('1196305566916186113', '1', '1195270037005197313', 1, '2019-11-18 13:54:08', '2019-11-18 13:54:08');
INSERT INTO `acl_role_permission` VALUES ('1196305566949740546', '1', '1195270442602782721', 1, '2019-11-18 13:54:08', '2019-11-18 13:54:08');
INSERT INTO `acl_role_permission` VALUES ('1196305566966517761', '1', '1195270621548568578', 1, '2019-11-18 13:54:08', '2019-11-18 13:54:08');
INSERT INTO `acl_role_permission` VALUES ('1196305566991683585', '1', '1195268893830864898', 1, '2019-11-18 13:54:08', '2019-11-18 13:54:08');
INSERT INTO `acl_role_permission` VALUES ('1196305567012655106', '1', '1195270744097742849', 1, '2019-11-18 13:54:08', '2019-11-18 13:54:08');
INSERT INTO `acl_role_permission` VALUES ('1196305567029432322', '1', '1195270810560684034', 1, '2019-11-18 13:54:08', '2019-11-18 13:54:08');
INSERT INTO `acl_role_permission` VALUES ('1196305567042015233', '1', '1195270862100291586', 1, '2019-11-18 13:54:08', '2019-11-18 13:54:08');
INSERT INTO `acl_role_permission` VALUES ('1196305567100735490', '1', '1195270887933009922', 1, '2019-11-18 13:54:08', '2019-11-18 13:54:08');
INSERT INTO `acl_role_permission` VALUES ('1196305567117512705', '1', '1195349439240048642', 1, '2019-11-18 13:54:08', '2019-11-18 13:54:08');
INSERT INTO `acl_role_permission` VALUES ('1196305567142678530', '1', '1195349699995734017', 1, '2019-11-18 13:54:08', '2019-11-18 13:54:08');
INSERT INTO `acl_role_permission` VALUES ('1196305567155261442', '1', '1195349979797753857', 1, '2019-11-18 13:54:08', '2019-11-18 13:54:08');
INSERT INTO `acl_role_permission` VALUES ('1196305567172038658', '1', '1195350117270261762', 1, '2019-11-18 13:54:08', '2019-11-18 13:54:08');
INSERT INTO `acl_role_permission` VALUES ('1196305567188815873', '1', '1195350188359520258', 1, '2019-11-18 13:54:08', '2019-11-18 13:54:08');
INSERT INTO `acl_role_permission` VALUES ('1196305567218176001', '1', '1195349810561781761', 1, '2019-11-18 13:54:08', '2019-11-18 13:54:08');
INSERT INTO `acl_role_permission` VALUES ('1196305567234953217', '1', '1195349876252971010', 1, '2019-11-18 13:54:08', '2019-11-18 13:54:08');
INSERT INTO `acl_role_permission` VALUES ('1196305567251730434', '1', '1195350299365969922', 1, '2019-11-18 13:54:08', '2019-11-18 13:54:08');
INSERT INTO `acl_role_permission` VALUES ('1196305567272701954', '1', '1195350397751758850', 1, '2019-11-18 13:54:08', '2019-11-18 13:54:08');
INSERT INTO `acl_role_permission` VALUES ('1196305567289479170', '1', '1195350612172967938', 1, '2019-11-18 13:54:08', '2019-11-18 13:54:08');
INSERT INTO `acl_role_permission` VALUES ('1196305567310450690', '1', '1195350500512206850', 1, '2019-11-18 13:54:08', '2019-11-18 13:54:08');
INSERT INTO `acl_role_permission` VALUES ('1196305567327227905', '1', '1195350687590748161', 1, '2019-11-18 13:54:08', '2019-11-18 13:54:08');
INSERT INTO `acl_role_permission` VALUES ('1196305567448862722', '1', '1195350831744782337', 1, '2019-11-18 13:54:08', '2019-11-18 13:54:08');
INSERT INTO `acl_role_permission` VALUES ('1196305567478222850', '1', '1195350919074385921', 1, '2019-11-18 13:54:08', '2019-11-18 13:54:08');
INSERT INTO `acl_role_permission` VALUES ('1196305567495000065', '1', '1195351159672246274', 1, '2019-11-18 13:54:08', '2019-11-18 13:54:08');
INSERT INTO `acl_role_permission` VALUES ('1196305567520165889', '1', '1195351326706208770', 1, '2019-11-18 13:54:08', '2019-11-18 13:54:08');
INSERT INTO `acl_role_permission` VALUES ('1196305567541137409', '1', '1195351566221938690', 1, '2019-11-18 13:54:08', '2019-11-18 13:54:08');
INSERT INTO `acl_role_permission` VALUES ('1196305567570497538', '1', '1195351862889254913', 1, '2019-11-18 13:54:08', '2019-11-18 13:54:08');
INSERT INTO `acl_role_permission` VALUES ('1196305567587274754', '1', '1195351968841568257', 1, '2019-11-18 13:54:08', '2019-11-18 13:54:08');
INSERT INTO `acl_role_permission` VALUES ('1196305567604051970', '1', '1195352215768633346', 1, '2019-11-18 13:54:08', '2019-11-18 13:54:08');
INSERT INTO `acl_role_permission` VALUES ('1196305567633412098', '1', '1195352054917074946', 1, '2019-11-18 13:54:08', '2019-11-18 13:54:08');
INSERT INTO `acl_role_permission` VALUES ('1196305567683743745', '1', '1195352127734386690', 1, '2019-11-18 13:54:08', '2019-11-18 13:54:08');
INSERT INTO `acl_role_permission` VALUES ('1196305567721492481', '1', '1195352547621965825', 1, '2019-11-18 13:54:08', '2019-11-18 13:54:08');
INSERT INTO `acl_role_permission` VALUES ('1196305567742464002', '1', '1195353513549205505', 1, '2019-11-18 13:54:08', '2019-11-18 13:54:08');
INSERT INTO `acl_role_permission` VALUES ('1196305567771824129', '1', '1195352856645701633', 1, '2019-11-18 13:54:08', '2019-11-18 13:54:08');
INSERT INTO `acl_role_permission` VALUES ('1196305567792795650', '1', '1195352909401657346', 1, '2019-11-18 13:54:08', '2019-11-18 13:54:08');
INSERT INTO `acl_role_permission` VALUES ('1196305567809572866', '1', '1195353051395624961', 1, '2019-11-18 13:54:08', '2019-11-18 13:54:08');
INSERT INTO `acl_role_permission` VALUES ('1196305567843127298', '1', '1195353672110673921', 1, '2019-11-18 13:54:08', '2019-11-18 13:54:08');
INSERT INTO `acl_role_permission` VALUES ('1196305567868293122', '1', '1195354076890370050', 1, '2019-11-18 13:54:08', '2019-11-18 13:54:08');
INSERT INTO `acl_role_permission` VALUES ('1196305567885070338', '1', '1195354153482555393', 1, '2019-11-18 13:54:08', '2019-11-18 13:54:08');
INSERT INTO `acl_role_permission` VALUES ('1196305567910236162', '1', '1195354315093282817', 1, '2019-11-18 13:54:08', '2019-11-18 13:54:08');
INSERT INTO `acl_role_permission` VALUES ('1196312702601695234', '1', '1', 0, '2019-11-18 14:22:29', '2019-11-18 14:22:29');
INSERT INTO `acl_role_permission` VALUES ('1196312702652026881', '1', '1195268474480156673', 0, '2019-11-18 14:22:29', '2019-11-18 14:22:29');
INSERT INTO `acl_role_permission` VALUES ('1196312702668804098', '1', '1195268616021139457', 0, '2019-11-18 14:22:29', '2019-11-18 14:22:29');
INSERT INTO `acl_role_permission` VALUES ('1196312702698164226', '1', '1195269143060602882', 0, '2019-11-18 14:22:29', '2019-11-18 14:22:29');
INSERT INTO `acl_role_permission` VALUES ('1196312702723330049', '1', '1195269295926206466', 0, '2019-11-18 14:22:29', '2019-11-18 14:22:29');
INSERT INTO `acl_role_permission` VALUES ('1196312702744301569', '1', '1195269473479483394', 0, '2019-11-18 14:22:29', '2019-11-18 14:22:29');
INSERT INTO `acl_role_permission` VALUES ('1196312702765273089', '1', '1195269547269873666', 0, '2019-11-18 14:22:29', '2019-11-18 14:22:29');
INSERT INTO `acl_role_permission` VALUES ('1196312702790438913', '1', '1196301740985311234', 0, '2019-11-18 14:22:29', '2019-11-18 14:22:29');
INSERT INTO `acl_role_permission` VALUES ('1196312702945628161', '1', '1195268788138598401', 0, '2019-11-18 14:22:29', '2019-11-18 14:22:29');
INSERT INTO `acl_role_permission` VALUES ('1196312702970793985', '1', '1195269821262782465', 0, '2019-11-18 14:22:29', '2019-11-18 14:22:29');
INSERT INTO `acl_role_permission` VALUES ('1196312703000154114', '1', '1195269903542444034', 0, '2019-11-18 14:22:29', '2019-11-18 14:22:29');
INSERT INTO `acl_role_permission` VALUES ('1196312703025319938', '1', '1195270037005197313', 0, '2019-11-18 14:22:29', '2019-11-18 14:22:29');
INSERT INTO `acl_role_permission` VALUES ('1196312703046291458', '1', '1195270442602782721', 0, '2019-11-18 14:22:29', '2019-11-18 14:22:29');
INSERT INTO `acl_role_permission` VALUES ('1196312703063068673', '1', '1195270621548568578', 0, '2019-11-18 14:22:29', '2019-11-18 14:22:29');
INSERT INTO `acl_role_permission` VALUES ('1196312703084040193', '1', '1195268893830864898', 0, '2019-11-18 14:22:29', '2019-11-18 14:22:29');
INSERT INTO `acl_role_permission` VALUES ('1196312703113400321', '1', '1195270744097742849', 0, '2019-11-18 14:22:29', '2019-11-18 14:22:29');
INSERT INTO `acl_role_permission` VALUES ('1196312703134371842', '1', '1195270810560684034', 0, '2019-11-18 14:22:30', '2019-11-18 14:22:30');
INSERT INTO `acl_role_permission` VALUES ('1196312703159537665', '1', '1195270862100291586', 0, '2019-11-18 14:22:30', '2019-11-18 14:22:30');
INSERT INTO `acl_role_permission` VALUES ('1196312703184703490', '1', '1195270887933009922', 0, '2019-11-18 14:22:30', '2019-11-18 14:22:30');
INSERT INTO `acl_role_permission` VALUES ('1196312703209869313', '1', '1195349439240048642', 0, '2019-11-18 14:22:30', '2019-11-18 14:22:30');
INSERT INTO `acl_role_permission` VALUES ('1196312703230840834', '1', '1195349699995734017', 0, '2019-11-18 14:22:30', '2019-11-18 14:22:30');
INSERT INTO `acl_role_permission` VALUES ('1196312703251812354', '1', '1195349979797753857', 0, '2019-11-18 14:22:30', '2019-11-18 14:22:30');
INSERT INTO `acl_role_permission` VALUES ('1196312703272783873', '1', '1195350117270261762', 0, '2019-11-18 14:22:30', '2019-11-18 14:22:30');
INSERT INTO `acl_role_permission` VALUES ('1196312703293755394', '1', '1195350188359520258', 0, '2019-11-18 14:22:30', '2019-11-18 14:22:30');
INSERT INTO `acl_role_permission` VALUES ('1196312703327309826', '1', '1195349810561781761', 0, '2019-11-18 14:22:30', '2019-11-18 14:22:30');
INSERT INTO `acl_role_permission` VALUES ('1196312703348281345', '1', '1195349876252971010', 0, '2019-11-18 14:22:30', '2019-11-18 14:22:30');
INSERT INTO `acl_role_permission` VALUES ('1196312703365058561', '1', '1195350299365969922', 0, '2019-11-18 14:22:30', '2019-11-18 14:22:30');
INSERT INTO `acl_role_permission` VALUES ('1196312703386030082', '1', '1195350397751758850', 0, '2019-11-18 14:22:30', '2019-11-18 14:22:30');
INSERT INTO `acl_role_permission` VALUES ('1196312703440556034', '1', '1195350612172967938', 0, '2019-11-18 14:22:30', '2019-11-18 14:22:30');
INSERT INTO `acl_role_permission` VALUES ('1196312703486693378', '1', '1195350500512206850', 0, '2019-11-18 14:22:30', '2019-11-18 14:22:30');
INSERT INTO `acl_role_permission` VALUES ('1196312703511859202', '1', '1195350687590748161', 0, '2019-11-18 14:22:30', '2019-11-18 14:22:30');
INSERT INTO `acl_role_permission` VALUES ('1196312703654465537', '1', '1195350831744782337', 0, '2019-11-18 14:22:30', '2019-11-18 14:22:30');
INSERT INTO `acl_role_permission` VALUES ('1196312703683825665', '1', '1195350919074385921', 0, '2019-11-18 14:22:30', '2019-11-18 14:22:30');
INSERT INTO `acl_role_permission` VALUES ('1196312703700602882', '1', '1195351159672246274', 0, '2019-11-18 14:22:30', '2019-11-18 14:22:30');
INSERT INTO `acl_role_permission` VALUES ('1196312703717380098', '1', '1195351326706208770', 0, '2019-11-18 14:22:30', '2019-11-18 14:22:30');
INSERT INTO `acl_role_permission` VALUES ('1196312703738351618', '1', '1195351566221938690', 0, '2019-11-18 14:22:30', '2019-11-18 14:22:30');
INSERT INTO `acl_role_permission` VALUES ('1196312703759323137', '1', '1195351020463296513', 0, '2019-11-18 14:22:30', '2019-11-18 14:22:30');
INSERT INTO `acl_role_permission` VALUES ('1196312703776100353', '1', '1195351862889254913', 0, '2019-11-18 14:22:30', '2019-11-18 14:22:30');
INSERT INTO `acl_role_permission` VALUES ('1196312703792877570', '1', '1195351968841568257', 0, '2019-11-18 14:22:30', '2019-11-18 14:22:30');
INSERT INTO `acl_role_permission` VALUES ('1196312703830626305', '1', '1195352215768633346', 0, '2019-11-18 14:22:30', '2019-11-18 14:22:30');
INSERT INTO `acl_role_permission` VALUES ('1196312703843209217', '1', '1195352054917074946', 0, '2019-11-18 14:22:30', '2019-11-18 14:22:30');
INSERT INTO `acl_role_permission` VALUES ('1196312703868375041', '1', '1195352127734386690', 0, '2019-11-18 14:22:30', '2019-11-18 14:22:30');
INSERT INTO `acl_role_permission` VALUES ('1196312703889346561', '1', '1195352547621965825', 0, '2019-11-18 14:22:30', '2019-11-18 14:22:30');
INSERT INTO `acl_role_permission` VALUES ('1196312703901929473', '1', '1195353513549205505', 0, '2019-11-18 14:22:30', '2019-11-18 14:22:30');
INSERT INTO `acl_role_permission` VALUES ('1196312703918706689', '1', '1195352856645701633', 0, '2019-11-18 14:22:30', '2019-11-18 14:22:30');
INSERT INTO `acl_role_permission` VALUES ('1196312703952261121', '1', '1195352909401657346', 0, '2019-11-18 14:22:30', '2019-11-18 14:22:30');
INSERT INTO `acl_role_permission` VALUES ('1196312703973232642', '1', '1195353051395624961', 0, '2019-11-18 14:22:30', '2019-11-18 14:22:30');
INSERT INTO `acl_role_permission` VALUES ('1196312703990009857', '1', '1195353672110673921', 0, '2019-11-18 14:22:30', '2019-11-18 14:22:30');
INSERT INTO `acl_role_permission` VALUES ('1196312704048730114', '1', '1195354076890370050', 0, '2019-11-18 14:22:30', '2019-11-18 14:22:30');
INSERT INTO `acl_role_permission` VALUES ('1196312704069701633', '1', '1195354153482555393', 0, '2019-11-18 14:22:30', '2019-11-18 14:22:30');
INSERT INTO `acl_role_permission` VALUES ('1196312704094867457', '1', '1195354315093282817', 0, '2019-11-18 14:22:30', '2019-11-18 14:22:30');
INSERT INTO `acl_role_permission` VALUES ('1674662930727071745', '1193757683205607426', '1', 0, '2023-06-30 14:15:31', '2023-06-30 14:15:31');
INSERT INTO `acl_role_permission` VALUES ('1674662930727071746', '1193757683205607426', '1195349439240048642', 0, '2023-06-30 14:15:31', '2023-06-30 14:15:31');
INSERT INTO `acl_role_permission` VALUES ('1674662930727071747', '1193757683205607426', '1195349699995734017', 0, '2023-06-30 14:15:31', '2023-06-30 14:15:31');
INSERT INTO `acl_role_permission` VALUES ('1674662930727071748', '1193757683205607426', '1195349979797753857', 0, '2023-06-30 14:15:31', '2023-06-30 14:15:31');
INSERT INTO `acl_role_permission` VALUES ('1674662930727071749', '1193757683205607426', '1195350117270261762', 0, '2023-06-30 14:15:31', '2023-06-30 14:15:31');
INSERT INTO `acl_role_permission` VALUES ('1674662930727071750', '1193757683205607426', '1195350188359520258', 0, '2023-06-30 14:15:31', '2023-06-30 14:15:31');
INSERT INTO `acl_role_permission` VALUES ('1674662930727071751', '1193757683205607426', '1195349810561781761', 0, '2023-06-30 14:15:31', '2023-06-30 14:15:31');
INSERT INTO `acl_role_permission` VALUES ('1674662930727071752', '1193757683205607426', '1195349876252971010', 0, '2023-06-30 14:15:31', '2023-06-30 14:15:31');
INSERT INTO `acl_role_permission` VALUES ('1674662930727071753', '1193757683205607426', '1195350299365969922', 0, '2023-06-30 14:15:31', '2023-06-30 14:15:31');
INSERT INTO `acl_role_permission` VALUES ('1674662930727071754', '1193757683205607426', '1195350397751758850', 0, '2023-06-30 14:15:31', '2023-06-30 14:15:31');
INSERT INTO `acl_role_permission` VALUES ('1674662930727071755', '1193757683205607426', '1195350612172967938', 0, '2023-06-30 14:15:31', '2023-06-30 14:15:31');
INSERT INTO `acl_role_permission` VALUES ('1674662930727071756', '1193757683205607426', '1195350500512206850', 0, '2023-06-30 14:15:31', '2023-06-30 14:15:31');
INSERT INTO `acl_role_permission` VALUES ('1674662930727071757', '1193757683205607426', '1195350687590748161', 0, '2023-06-30 14:15:31', '2023-06-30 14:15:31');
INSERT INTO `acl_role_permission` VALUES ('1674662930727071758', '1193757683205607426', '1195350831744782337', 0, '2023-06-30 14:15:31', '2023-06-30 14:15:31');
INSERT INTO `acl_role_permission` VALUES ('1674662930727071759', '1193757683205607426', '1195350919074385921', 0, '2023-06-30 14:15:31', '2023-06-30 14:15:31');
INSERT INTO `acl_role_permission` VALUES ('1674662930727071760', '1193757683205607426', '1195351159672246274', 0, '2023-06-30 14:15:31', '2023-06-30 14:15:31');
INSERT INTO `acl_role_permission` VALUES ('1674662930727071761', '1193757683205607426', '1195351326706208770', 0, '2023-06-30 14:15:31', '2023-06-30 14:15:31');
INSERT INTO `acl_role_permission` VALUES ('1674662930727071762', '1193757683205607426', '1195351566221938690', 0, '2023-06-30 14:15:31', '2023-06-30 14:15:31');
INSERT INTO `acl_role_permission` VALUES ('1674662930727071763', '1193757683205607426', '1195351020463296513', 0, '2023-06-30 14:15:31', '2023-06-30 14:15:31');
INSERT INTO `acl_role_permission` VALUES ('1676055393651924994', '1', '1', 0, '2023-07-04 10:28:40', '2023-07-04 10:28:40');
INSERT INTO `acl_role_permission` VALUES ('1676055393660313601', '1', '1195268474480156673', 0, '2023-07-04 10:28:40', '2023-07-04 10:28:40');
INSERT INTO `acl_role_permission` VALUES ('1676055393660313602', '1', '1195268616021139457', 0, '2023-07-04 10:28:40', '2023-07-04 10:28:40');
INSERT INTO `acl_role_permission` VALUES ('1676055393660313603', '1', '1195269143060602882', 0, '2023-07-04 10:28:40', '2023-07-04 10:28:40');
INSERT INTO `acl_role_permission` VALUES ('1676055393660313604', '1', '1195269295926206466', 0, '2023-07-04 10:28:40', '2023-07-04 10:28:40');
INSERT INTO `acl_role_permission` VALUES ('1676055393677090817', '1', '1195269473479483394', 0, '2023-07-04 10:28:40', '2023-07-04 10:28:40');
INSERT INTO `acl_role_permission` VALUES ('1676055393677090818', '1', '1195269547269873666', 0, '2023-07-04 10:28:40', '2023-07-04 10:28:40');
INSERT INTO `acl_role_permission` VALUES ('1676055393677090819', '1', '1196301740985311234', 0, '2023-07-04 10:28:40', '2023-07-04 10:28:40');
INSERT INTO `acl_role_permission` VALUES ('1676055393677090820', '1', '1195268788138598401', 0, '2023-07-04 10:28:40', '2023-07-04 10:28:40');
INSERT INTO `acl_role_permission` VALUES ('1676055393677090821', '1', '1195269821262782465', 0, '2023-07-04 10:28:40', '2023-07-04 10:28:40');
INSERT INTO `acl_role_permission` VALUES ('1676055393677090822', '1', '1195269903542444034', 0, '2023-07-04 10:28:40', '2023-07-04 10:28:40');
INSERT INTO `acl_role_permission` VALUES ('1676055393677090823', '1', '1195270037005197313', 0, '2023-07-04 10:28:40', '2023-07-04 10:28:40');
INSERT INTO `acl_role_permission` VALUES ('1676055393677090824', '1', '1195270442602782721', 0, '2023-07-04 10:28:40', '2023-07-04 10:28:40');
INSERT INTO `acl_role_permission` VALUES ('1676055393677090825', '1', '1195270621548568578', 0, '2023-07-04 10:28:40', '2023-07-04 10:28:40');
INSERT INTO `acl_role_permission` VALUES ('1676055393677090826', '1', '1195268893830864898', 0, '2023-07-04 10:28:40', '2023-07-04 10:28:40');
INSERT INTO `acl_role_permission` VALUES ('1676055393677090827', '1', '1195270744097742849', 0, '2023-07-04 10:28:40', '2023-07-04 10:28:40');
INSERT INTO `acl_role_permission` VALUES ('1676055393693868033', '1', '1195270810560684034', 0, '2023-07-04 10:28:40', '2023-07-04 10:28:40');
INSERT INTO `acl_role_permission` VALUES ('1676055393693868034', '1', '1195270862100291586', 0, '2023-07-04 10:28:40', '2023-07-04 10:28:40');
INSERT INTO `acl_role_permission` VALUES ('1676055393693868035', '1', '1195270887933009922', 0, '2023-07-04 10:28:40', '2023-07-04 10:28:40');
INSERT INTO `acl_role_permission` VALUES ('1676055393693868036', '1', '1195349439240048642', 0, '2023-07-04 10:28:40', '2023-07-04 10:28:40');
INSERT INTO `acl_role_permission` VALUES ('1676055393693868037', '1', '1195349699995734017', 0, '2023-07-04 10:28:40', '2023-07-04 10:28:40');
INSERT INTO `acl_role_permission` VALUES ('1676055393693868038', '1', '1195349979797753857', 0, '2023-07-04 10:28:40', '2023-07-04 10:28:40');
INSERT INTO `acl_role_permission` VALUES ('1676055393693868039', '1', '1195350117270261762', 0, '2023-07-04 10:28:40', '2023-07-04 10:28:40');
INSERT INTO `acl_role_permission` VALUES ('1676055393693868040', '1', '1195350188359520258', 0, '2023-07-04 10:28:40', '2023-07-04 10:28:40');
INSERT INTO `acl_role_permission` VALUES ('1676055393693868041', '1', '1195349810561781761', 0, '2023-07-04 10:28:40', '2023-07-04 10:28:40');
INSERT INTO `acl_role_permission` VALUES ('1676055393693868042', '1', '1195349876252971010', 0, '2023-07-04 10:28:40', '2023-07-04 10:28:40');
INSERT INTO `acl_role_permission` VALUES ('1676055393693868043', '1', '1195350299365969922', 0, '2023-07-04 10:28:40', '2023-07-04 10:28:40');
INSERT INTO `acl_role_permission` VALUES ('1676055393693868044', '1', '1195350397751758850', 0, '2023-07-04 10:28:40', '2023-07-04 10:28:40');
INSERT INTO `acl_role_permission` VALUES ('1676055393693868045', '1', '1195350612172967938', 0, '2023-07-04 10:28:40', '2023-07-04 10:28:40');
INSERT INTO `acl_role_permission` VALUES ('1676055393693868046', '1', '1195350500512206850', 0, '2023-07-04 10:28:40', '2023-07-04 10:28:40');
INSERT INTO `acl_role_permission` VALUES ('1676055393693868047', '1', '1195350687590748161', 0, '2023-07-04 10:28:40', '2023-07-04 10:28:40');
INSERT INTO `acl_role_permission` VALUES ('1676055393807114241', '1', '1195350831744782337', 0, '2023-07-04 10:28:40', '2023-07-04 10:28:40');
INSERT INTO `acl_role_permission` VALUES ('1676055393807114242', '1', '1195350919074385921', 0, '2023-07-04 10:28:40', '2023-07-04 10:28:40');
INSERT INTO `acl_role_permission` VALUES ('1676055393807114243', '1', '1195351159672246274', 0, '2023-07-04 10:28:40', '2023-07-04 10:28:40');
INSERT INTO `acl_role_permission` VALUES ('1676055393807114244', '1', '1195351326706208770', 0, '2023-07-04 10:28:40', '2023-07-04 10:28:40');
INSERT INTO `acl_role_permission` VALUES ('1676055393807114245', '1', '1195351566221938690', 0, '2023-07-04 10:28:40', '2023-07-04 10:28:40');
INSERT INTO `acl_role_permission` VALUES ('1676055393807114246', '1', '1195351862889254913', 0, '2023-07-04 10:28:40', '2023-07-04 10:28:40');
INSERT INTO `acl_role_permission` VALUES ('1676055393807114247', '1', '1195351968841568257', 0, '2023-07-04 10:28:40', '2023-07-04 10:28:40');
INSERT INTO `acl_role_permission` VALUES ('1676055393807114248', '1', '1195352215768633346', 0, '2023-07-04 10:28:40', '2023-07-04 10:28:40');
INSERT INTO `acl_role_permission` VALUES ('1676055393807114249', '1', '1195352054917074946', 0, '2023-07-04 10:28:40', '2023-07-04 10:28:40');
INSERT INTO `acl_role_permission` VALUES ('1676055393807114250', '1', '1195352127734386690', 0, '2023-07-04 10:28:40', '2023-07-04 10:28:40');
INSERT INTO `acl_role_permission` VALUES ('1676055393807114251', '1', '1195352547621965825', 0, '2023-07-04 10:28:40', '2023-07-04 10:28:40');
INSERT INTO `acl_role_permission` VALUES ('1676055393807114252', '1', '1195353513549205505', 0, '2023-07-04 10:28:40', '2023-07-04 10:28:40');
INSERT INTO `acl_role_permission` VALUES ('1676055393807114253', '1', '1195352856645701633', 0, '2023-07-04 10:28:40', '2023-07-04 10:28:40');
INSERT INTO `acl_role_permission` VALUES ('1676055393807114254', '1', '1195352909401657346', 0, '2023-07-04 10:28:40', '2023-07-04 10:28:40');
INSERT INTO `acl_role_permission` VALUES ('1676055393807114255', '1', '1195353051395624961', 0, '2023-07-04 10:28:40', '2023-07-04 10:28:40');
INSERT INTO `acl_role_permission` VALUES ('1676055393823891457', '1', '1195353672110673921', 0, '2023-07-04 10:28:40', '2023-07-04 10:28:40');
INSERT INTO `acl_role_permission` VALUES ('1676055393823891458', '1', '1195354076890370050', 0, '2023-07-04 10:28:40', '2023-07-04 10:28:40');
INSERT INTO `acl_role_permission` VALUES ('1676055393823891459', '1', '1195354153482555393', 0, '2023-07-04 10:28:40', '2023-07-04 10:28:40');
INSERT INTO `acl_role_permission` VALUES ('1676055393823891460', '1', '1195354315093282817', 0, '2023-07-04 10:28:40', '2023-07-04 10:28:40');
INSERT INTO `acl_role_permission` VALUES ('1676067156795596802', '1196300996034977794', '1', 0, '2023-07-04 11:15:25', '2023-07-04 11:15:25');
INSERT INTO `acl_role_permission` VALUES ('1676067156795596803', '1196300996034977794', '1195268474480156673', 0, '2023-07-04 11:15:25', '2023-07-04 11:15:25');
INSERT INTO `acl_role_permission` VALUES ('1676067156795596804', '1196300996034977794', '1195268616021139457', 0, '2023-07-04 11:15:25', '2023-07-04 11:15:25');
INSERT INTO `acl_role_permission` VALUES ('1676067156795596805', '1196300996034977794', '1195269143060602882', 0, '2023-07-04 11:15:25', '2023-07-04 11:15:25');
INSERT INTO `acl_role_permission` VALUES ('1676067156795596806', '1196300996034977794', '1195269295926206466', 0, '2023-07-04 11:15:25', '2023-07-04 11:15:25');
INSERT INTO `acl_role_permission` VALUES ('1676067156795596807', '1196300996034977794', '1195269473479483394', 0, '2023-07-04 11:15:25', '2023-07-04 11:15:25');
INSERT INTO `acl_role_permission` VALUES ('1676067156795596808', '1196300996034977794', '1195269547269873666', 0, '2023-07-04 11:15:25', '2023-07-04 11:15:25');
INSERT INTO `acl_role_permission` VALUES ('1676067156795596809', '1196300996034977794', '1196301740985311234', 0, '2023-07-04 11:15:25', '2023-07-04 11:15:25');
INSERT INTO `acl_role_permission` VALUES ('1676067156795596810', '1196300996034977794', '1195268788138598401', 0, '2023-07-04 11:15:25', '2023-07-04 11:15:25');
INSERT INTO `acl_role_permission` VALUES ('1676067156795596811', '1196300996034977794', '1195269821262782465', 0, '2023-07-04 11:15:25', '2023-07-04 11:15:25');
INSERT INTO `acl_role_permission` VALUES ('1676067156795596812', '1196300996034977794', '1195269903542444034', 0, '2023-07-04 11:15:25', '2023-07-04 11:15:25');
INSERT INTO `acl_role_permission` VALUES ('1676067156795596813', '1196300996034977794', '1195270037005197313', 0, '2023-07-04 11:15:25', '2023-07-04 11:15:25');
INSERT INTO `acl_role_permission` VALUES ('1676067156795596814', '1196300996034977794', '1195270442602782721', 0, '2023-07-04 11:15:25', '2023-07-04 11:15:25');
INSERT INTO `acl_role_permission` VALUES ('1676067156795596815', '1196300996034977794', '1195270621548568578', 0, '2023-07-04 11:15:25', '2023-07-04 11:15:25');
INSERT INTO `acl_role_permission` VALUES ('1676067156795596816', '1196300996034977794', '1195268893830864898', 0, '2023-07-04 11:15:25', '2023-07-04 11:15:25');
INSERT INTO `acl_role_permission` VALUES ('1676067156812374018', '1196300996034977794', '1195270744097742849', 0, '2023-07-04 11:15:25', '2023-07-04 11:15:25');
INSERT INTO `acl_role_permission` VALUES ('1676067156812374019', '1196300996034977794', '1195270810560684034', 0, '2023-07-04 11:15:25', '2023-07-04 11:15:25');
INSERT INTO `acl_role_permission` VALUES ('1676067156812374020', '1196300996034977794', '1195270862100291586', 0, '2023-07-04 11:15:25', '2023-07-04 11:15:25');
INSERT INTO `acl_role_permission` VALUES ('1676067156812374021', '1196300996034977794', '1195270887933009922', 0, '2023-07-04 11:15:25', '2023-07-04 11:15:25');
INSERT INTO `acl_role_permission` VALUES ('1676067156812374022', '1196300996034977794', '1195349439240048642', 0, '2023-07-04 11:15:25', '2023-07-04 11:15:25');
INSERT INTO `acl_role_permission` VALUES ('1676067156812374023', '1196300996034977794', '1195349699995734017', 0, '2023-07-04 11:15:25', '2023-07-04 11:15:25');
INSERT INTO `acl_role_permission` VALUES ('1676067156812374024', '1196300996034977794', '1195349979797753857', 0, '2023-07-04 11:15:25', '2023-07-04 11:15:25');
INSERT INTO `acl_role_permission` VALUES ('1676067156812374025', '1196300996034977794', '1195350117270261762', 0, '2023-07-04 11:15:25', '2023-07-04 11:15:25');
INSERT INTO `acl_role_permission` VALUES ('1676067156812374026', '1196300996034977794', '1195350188359520258', 0, '2023-07-04 11:15:25', '2023-07-04 11:15:25');
INSERT INTO `acl_role_permission` VALUES ('1676067156812374027', '1196300996034977794', '1195349810561781761', 0, '2023-07-04 11:15:25', '2023-07-04 11:15:25');
INSERT INTO `acl_role_permission` VALUES ('1676067156812374028', '1196300996034977794', '1195349876252971010', 0, '2023-07-04 11:15:25', '2023-07-04 11:15:25');
INSERT INTO `acl_role_permission` VALUES ('1676067156812374029', '1196300996034977794', '1195350299365969922', 0, '2023-07-04 11:15:25', '2023-07-04 11:15:25');
INSERT INTO `acl_role_permission` VALUES ('1676067156812374030', '1196300996034977794', '1195350397751758850', 0, '2023-07-04 11:15:25', '2023-07-04 11:15:25');
INSERT INTO `acl_role_permission` VALUES ('1676067156812374031', '1196300996034977794', '1195350612172967938', 0, '2023-07-04 11:15:25', '2023-07-04 11:15:25');
INSERT INTO `acl_role_permission` VALUES ('1676067156812374032', '1196300996034977794', '1195350500512206850', 0, '2023-07-04 11:15:25', '2023-07-04 11:15:25');
INSERT INTO `acl_role_permission` VALUES ('1676067156812374033', '1196300996034977794', '1195350687590748161', 0, '2023-07-04 11:15:25', '2023-07-04 11:15:25');
INSERT INTO `acl_role_permission` VALUES ('1676067156921425921', '1196300996034977794', '1195350831744782337', 0, '2023-07-04 11:15:25', '2023-07-04 11:15:25');
INSERT INTO `acl_role_permission` VALUES ('1676067156921425922', '1196300996034977794', '1195350919074385921', 0, '2023-07-04 11:15:25', '2023-07-04 11:15:25');
INSERT INTO `acl_role_permission` VALUES ('1676067156921425923', '1196300996034977794', '1195351159672246274', 0, '2023-07-04 11:15:25', '2023-07-04 11:15:25');
INSERT INTO `acl_role_permission` VALUES ('1676067156921425924', '1196300996034977794', '1195351326706208770', 0, '2023-07-04 11:15:25', '2023-07-04 11:15:25');
INSERT INTO `acl_role_permission` VALUES ('1676067156921425925', '1196300996034977794', '1195351566221938690', 0, '2023-07-04 11:15:25', '2023-07-04 11:15:25');
INSERT INTO `acl_role_permission` VALUES ('1676067156921425926', '1196300996034977794', '1195351020463296513', 0, '2023-07-04 11:15:25', '2023-07-04 11:15:25');
INSERT INTO `acl_role_permission` VALUES ('1676067156921425927', '1196300996034977794', '1195351862889254913', 0, '2023-07-04 11:15:25', '2023-07-04 11:15:25');
INSERT INTO `acl_role_permission` VALUES ('1676067156921425928', '1196300996034977794', '1195351968841568257', 0, '2023-07-04 11:15:25', '2023-07-04 11:15:25');
INSERT INTO `acl_role_permission` VALUES ('1676067156921425929', '1196300996034977794', '1195352215768633346', 0, '2023-07-04 11:15:25', '2023-07-04 11:15:25');
INSERT INTO `acl_role_permission` VALUES ('1676067156921425930', '1196300996034977794', '1195352054917074946', 0, '2023-07-04 11:15:25', '2023-07-04 11:15:25');
INSERT INTO `acl_role_permission` VALUES ('1676067156921425931', '1196300996034977794', '1195352127734386690', 0, '2023-07-04 11:15:25', '2023-07-04 11:15:25');
INSERT INTO `acl_role_permission` VALUES ('1676067156921425932', '1196300996034977794', '1195352547621965825', 0, '2023-07-04 11:15:25', '2023-07-04 11:15:25');
INSERT INTO `acl_role_permission` VALUES ('1676067156921425933', '1196300996034977794', '1195352613549205505', 0, '2023-07-04 11:15:25', '2023-07-04 11:15:25');
INSERT INTO `acl_role_permission` VALUES ('1676067156921425934', '1196300996034977794', '1195352856645701633', 0, '2023-07-04 11:15:25', '2023-07-04 11:15:25');
INSERT INTO `acl_role_permission` VALUES ('1676067156921425935', '1196300996034977794', '1195352909401657346', 0, '2023-07-04 11:15:25', '2023-07-04 11:15:25');
INSERT INTO `acl_role_permission` VALUES ('1676067156921425936', '1196300996034977794', '1195353051395624961', 0, '2023-07-04 11:15:25', '2023-07-04 11:15:25');
INSERT INTO `acl_role_permission` VALUES ('1676067156921425937', '1196300996034977794', '1195353672110673921', 0, '2023-07-04 11:15:25', '2023-07-04 11:15:25');
INSERT INTO `acl_role_permission` VALUES ('1676067156921425938', '1196300996034977794', '1195354076890370050', 0, '2023-07-04 11:15:25', '2023-07-04 11:15:25');
INSERT INTO `acl_role_permission` VALUES ('1676067156921425939', '1196300996034977794', '1195354153482555393', 0, '2023-07-04 11:15:25', '2023-07-04 11:15:25');
INSERT INTO `acl_role_permission` VALUES ('1676067156921425940', '1196300996034977794', '1195354315093282817', 0, '2023-07-04 11:15:25', '2023-07-04 11:15:25');

-- ----------------------------
-- Table structure for acl_user
-- ----------------------------
DROP TABLE IF EXISTS `acl_user`;
CREATE TABLE `acl_user`  (
  `id` char(19) CHARACTER SET utf8mb4 COLLATE utf8mb4_general_ci NOT NULL COMMENT '会员id',
  `username` varchar(20) CHARACTER SET utf8mb4 COLLATE utf8mb4_general_ci NOT NULL DEFAULT '' COMMENT '微信openid',
  `password` varchar(32) CHARACTER SET utf8mb4 COLLATE utf8mb4_general_ci NOT NULL DEFAULT '' COMMENT '密码',
  `nick_name` varchar(50) CHARACTER SET utf8mb4 COLLATE utf8mb4_general_ci NULL DEFAULT NULL COMMENT '昵称',
  `salt` varchar(255) CHARACTER SET utf8mb4 COLLATE utf8mb4_general_ci NULL DEFAULT NULL COMMENT '用户头像',
  `token` varchar(100) CHARACTER SET utf8mb4 COLLATE utf8mb4_general_ci NULL DEFAULT NULL COMMENT '用户签名',
  `is_deleted` tinyint(1) UNSIGNED NOT NULL DEFAULT 0 COMMENT '逻辑删除 1（true）已删除， 0（false）未删除',
  `gmt_create` datetime(0) NOT NULL COMMENT '创建时间',
  `gmt_modified` datetime(0) NOT NULL COMMENT '更新时间',
  PRIMARY KEY (`id`) USING BTREE,
  UNIQUE INDEX `uk_username`(`username`) USING BTREE
) ENGINE = InnoDB CHARACTER SET = utf8mb4 COLLATE = utf8mb4_general_ci COMMENT = '用户表' ROW_FORMAT = Dynamic;

-- ----------------------------
-- Records of acl_user
-- ----------------------------
INSERT INTO `acl_user` VALUES ('1', 'admin', '96e79218965eb72c92a549dd5a330112', 'admin', '', NULL, 0, '2019-11-01 10:39:47', '2023-07-06 12:28:33');
INSERT INTO `acl_user` VALUES ('1674653076247572482', 'course', '96e79218965eb72c92a549dd5a330112', 'course', NULL, NULL, 0, '2019-11-01 12:39:47', '2019-11-01 12:39:47');
INSERT INTO `acl_user` VALUES ('1676593338305753089', 'helloWorld', '96e79218965eb72c92a549dd5a330112', 'hi', NULL, NULL, 0, '2023-07-05 22:06:16', '2023-07-06 11:17:03');
INSERT INTO `acl_user` VALUES ('2', 'test', '96e79218965eb72c92a549dd5a330112', 'test', NULL, NULL, 0, '2019-11-01 16:36:07', '2019-11-01 16:40:08');

-- ----------------------------
-- Table structure for acl_user_role
-- ----------------------------
DROP TABLE IF EXISTS `acl_user_role`;
CREATE TABLE `acl_user_role`  (
  `id` char(19) CHARACTER SET utf8 COLLATE utf8_general_ci NOT NULL DEFAULT '' COMMENT '主键id',
  `role_id` char(19) CHARACTER SET utf8 COLLATE utf8_general_ci NOT NULL DEFAULT '0' COMMENT '角色id',
  `user_id` char(19) CHARACTER SET utf8 COLLATE utf8_general_ci NOT NULL DEFAULT '0' COMMENT '用户id',
  `is_deleted` tinyint(1) UNSIGNED NOT NULL DEFAULT 0 COMMENT '逻辑删除 1（true）已删除， 0（false）未删除',
  `gmt_create` datetime(0) NOT NULL COMMENT '创建时间',
  `gmt_modified` datetime(0) NOT NULL COMMENT '更新时间',
  PRIMARY KEY (`id`) USING BTREE,
  INDEX `idx_role_id`(`role_id`) USING BTREE,
  INDEX `idx_user_id`(`user_id`) USING BTREE
) ENGINE = InnoDB CHARACTER SET = utf8 COLLATE = utf8_general_ci ROW_FORMAT = Dynamic;

-- ----------------------------
-- Records of acl_user_role
-- ----------------------------
INSERT INTO `acl_user_role` VALUES ('1674662721460662274', '1', '1', 0, '2023-06-30 14:14:41', '2023-06-30 14:14:41');
INSERT INTO `acl_user_role` VALUES ('1674662996854468610', '1193757683205607426', '1674653076247572482', 0, '2023-06-30 14:15:47', '2023-06-30 14:15:47');
INSERT INTO `acl_user_role` VALUES ('1676067092031348737', '1196300996034977794', '2', 0, '2023-07-04 11:15:09', '2023-07-04 11:15:09');

-- ----------------------------
-- Table structure for crm_banner
-- ----------------------------
DROP TABLE IF EXISTS `crm_banner`;
CREATE TABLE `crm_banner`  (
  `id` char(19) CHARACTER SET utf8mb4 COLLATE utf8mb4_general_ci NOT NULL DEFAULT '' COMMENT 'ID',
  `title` varchar(20) CHARACTER SET utf8mb4 COLLATE utf8mb4_general_ci NULL DEFAULT '' COMMENT '标题',
  `image_url` varchar(500) CHARACTER SET utf8mb4 COLLATE utf8mb4_general_ci NOT NULL DEFAULT '' COMMENT '图片地址',
  `link_url` varchar(500) CHARACTER SET utf8mb4 COLLATE utf8mb4_general_ci NULL DEFAULT '' COMMENT '链接地址',
  `sort` int(10) UNSIGNED NOT NULL DEFAULT 0 COMMENT '排序',
  `is_deleted` tinyint(1) UNSIGNED NOT NULL DEFAULT 0 COMMENT '逻辑删除 1（true）已删除， 0（false）未删除',
  `gmt_create` datetime(0) NOT NULL COMMENT '创建时间',
  `gmt_modified` datetime(0) NOT NULL COMMENT '更新时间',
  PRIMARY KEY (`id`) USING BTREE,
  UNIQUE INDEX `uk_name`(`title`) USING BTREE
) ENGINE = InnoDB CHARACTER SET = utf8mb4 COLLATE = utf8mb4_general_ci COMMENT = '首页banner表' ROW_FORMAT = Dynamic;

-- ----------------------------
-- Records of crm_banner
-- ----------------------------
INSERT INTO `crm_banner` VALUES ('1194556896025845762', 'test1', '\r\nhttps://online-education-chn.oss-cn-beijing.aliyuncs.com/banner/2023/06/19/1525939573202.jpg', '/course', 1, 0, '2019-11-13 18:05:32', '2019-11-18 10:28:22');
INSERT INTO `crm_banner` VALUES ('1194607458461216769', 'test2', 'https://online-education-chn.oss-cn-beijing.aliyuncs.com/banner/2023/06/19/153525d0ef15459596.jpg', '/teacher', 2, 0, '2019-11-13 21:26:27', '2019-11-14 09:12:15');
INSERT INTO `crm_banner` VALUES ('1676090491340369921', 'test3', 'https://online-education-chn.oss-cn-beijing.aliyuncs.com/banner/default.jpg', '/course/1672483700106883074', 3, 0, '2023-07-04 12:48:08', '2023-07-04 12:48:08');

-- ----------------------------
-- Table structure for edu_article
-- ----------------------------
DROP TABLE IF EXISTS `edu_article`;
CREATE TABLE `edu_article`  (
  `id` char(19) CHARACTER SET utf8 COLLATE utf8_general_ci NOT NULL DEFAULT '' COMMENT '文章Id',
  `member_id` char(19) CHARACTER SET utf8 COLLATE utf8_general_ci NOT NULL COMMENT '发表用户',
  `member_name` varchar(50) CHARACTER SET utf8 COLLATE utf8_general_ci NOT NULL DEFAULT '匿名用户' COMMENT '发表用户昵称',
  `title` varchar(200) CHARACTER SET utf8 COLLATE utf8_general_ci NOT NULL DEFAULT '无标题' COMMENT '文章标题',
  `content` longtext CHARACTER SET utf8 COLLATE utf8_general_ci NOT NULL COMMENT '文章内容',
  `state` varchar(10) CHARACTER SET utf8 COLLATE utf8_general_ci NOT NULL DEFAULT 'Normal' COMMENT '文章状态 Draft未发布  Normal已发布',
  `like_count` bigint(10) NOT NULL DEFAULT 0 COMMENT '点赞数',
  `comment_count` bigint(10) NOT NULL DEFAULT 0 COMMENT '评论数',
  `view_count` bigint(10) UNSIGNED NOT NULL DEFAULT 0 COMMENT '浏览数',
  `cate_id` char(19) CHARACTER SET utf8 COLLATE utf8_general_ci NOT NULL DEFAULT '0' COMMENT '文章分类Id',
  `is_deleted` tinyint(3) NOT NULL DEFAULT 0 COMMENT '逻辑删除 1（true）已删除， 0（false）未删除',
  `gmt_create` datetime(0) NOT NULL COMMENT '创建时间',
  `gmt_modified` datetime(0) NOT NULL COMMENT '更新时间',
  PRIMARY KEY (`id`) USING BTREE
) ENGINE = InnoDB CHARACTER SET = utf8 COLLATE = utf8_general_ci COMMENT = '文章' ROW_FORMAT = Dynamic;

-- ----------------------------
-- Records of edu_article
-- ----------------------------
INSERT INTO `edu_article` VALUES ('1676499481882800129', '1672148485295575042', 'helloWorld', '机器学习', '机器学习的定义：\n机器学习(Machine Learning)简称ML，机器学习专门研究计算机如何模拟或实现人类的学习行为，以获取新的知识或者技能，重新组织已有的知识结构使之不断改善自身性能\n从实践意义上来说，机器学习通过输入大量数据，训练出模型，再通过模型预测未来。\n机器学习的过程与人类归纳经验的过程类似', 'Draft', 0, 0, 902, '1676928061171412994', 0, '2023-07-05 15:53:19', '2023-11-25 21:19:26');
INSERT INTO `edu_article` VALUES ('1676587223916507137', '1106833021442510849', '深海', 'C++简介', 'C++是一种被广泛使用的计算机程序设计语言。它是一种通用程式设计语言，支援多重编程范式，例如过程化程序设计、面向对象程序设计、泛型程式设计和函数式程序设计等。\n比雅尼·斯特劳斯特鲁普博士在贝尔实验室工作期间在20世纪80年代发明并实现了C++。起初，这种语言被称作“C with Classes”（“包含‘类’的C语言”），作为C语言的增强版出现。随后，C++不断增加新特性。虚函数、运算符重载、多继承、标准模板库、异常处理、运行时类型信息、命名空间等概念逐渐纳入标准草案。1998年，国际标准组织颁布了C++程序设计语言的第一个国际标准ISO/IEC 14882:1998，目前最新标准为ISO/IEC 14882:2020。ISO/IEC 14882通称ISO C++。ISO C++包含了主要包含了核心语言和标准库的规则。尽管从核心语言到标准库都有显著不同，ISO C++直接正式（normative）引用了ISO/IEC 9899（通称ISO C），且ISO C++标准库的一部分和ISO C的标准库的API完全相同，另有很小一部分和C标准库略有差异（例如，strcat等函数提供对const类型的重载）。这使得C和C++的标准库实现常常被一并提供，在核心语言规则很大一部分兼容的情况下，进一步确保用户通常较容易把符合ISO C的源程序不经修改或经极少修改直接作为C++源程序使用，也是C++语言继C语言之后流行的一个重要原因。\n作为广泛被使用的工业语言，C++存在多个流行的成熟实现：GCC、基于LLVM的Clang以及Visual C++等。这些实现同时也是成熟的C语言实现，但对C语言的支持程度不一（例如，VC++对ANSI C89之后的标准支持较不完善）。大多数流行的实现包含了编译器和C++部分标准库的实现。编译器直接提供核心语言规则的实现，而库提供ISO C++标准库的实现。这些实现中，库可能同时包含和ISO C标准库的共用实现（如VC++的msvcrt）；而另一些实现的ISO C标准库则是单独于编译器项目之外提供的，如glibc和musl。C++标准库的实现也可能支持多种编译器，如GCC的libstdc++库支持GCC的g++和LLVM Clang的clang++。这些不同的丰富组合使市面上的C++环境具有许多细节上的实现差异，因而遵循ISO C++这样的权威标准对维持可移植性显得更加重要。现今讨论的C++语言，除非另行指明，通常均指ISO C++规则定义的C++语言（虽然因为实现的差异，可能不一定是最新的正式版本）。\n值得注意，和流行的误解不同，ISO C和ISO C++都从未明确要求源程序被编译（compile），而仅要求翻译（translate），因此C和C++并不是所谓的编译型语言。技术上，实现C和C++程序的单位是翻译单元（translation unit）。作为对比，Java语言规范中就明确要求Java程序被编译实现，明确存在编译单元（compilation unit）。实际上C和C++也存在REPL形式的解释器实现，如CINT和Cling。但因为传统上C和C++多以编译器实现，习惯上仍有一些混用，甚至至今仍出现在ISO C++某节标准库条款的标题 （页面存档备份，存于互联网档案馆）上。\n传统上，C++语言被视为和C语言实现性能相近的语言，强调运行时的高效。根据《C++编程思想》（Thinking in C++）一书，C++与C的代码执行效率往往相差在±5%之间。', 'Normal', 60, 0, 99, '1676926573002993666', 0, '2023-07-05 21:41:58', '2023-11-22 09:36:51');
INSERT INTO `edu_article` VALUES ('1676597598640697345', '1106833021442510849', '深海', '数据结构', '数据结构是计算机存储、组织数据的方式。数据结构是指相互之间存在一种或多种特定关系的数据元素的集合。通常情况下，精心选择的数据结构可以带来更高的运行或者存储效率。数据结构往往同高效的检索算法和索引技术有关。', 'Normal', 8, 0, 88, '1677148917562634242', 0, '2023-07-05 22:23:12', '2023-07-09 16:58:03');
INSERT INTO `edu_article` VALUES ('1676811261733621762', '1106832491064442882', '海之恋', 'Java开发', 'Java最早是由SUN公司（已被Oracle收购）的詹姆斯·高斯林（高司令，人称Java之父）在上个世纪90年代初开发的一种编程语言，最初被命名为Oak，目标是针对小型家电设备的嵌入式应用，结果市场没啥反响。谁料到互联网的崛起，让Oak重新焕发了生机，于是SUN公司改造了Oak，在1995年以Java的名称正式发布，原因是Oak已经被人注册了，因此SUN注册了Java这个商标。随着互联网的高速发展，Java逐渐成为最重要的网络编程语言。\n\nJava介于编译型语言和解释型语言之间。编译型语言如C、C++，代码是直接编译成机器码执行，但是不同的平台（x86、ARM等）CPU的指令集不同，因此，需要编译出每一种平台的对应机器码。解释型语言如Python、Ruby没有这个问题，可以由解释器直接加载源码然后运行，代价是运行效率太低。而Java是将代码编译成一种“字节码”，它类似于抽象的CPU指令，然后，针对不同平台编写虚拟机，不同平台的虚拟机负责加载字节码并执行，这样就实现了“一次编写，到处运行”的效果。当然，这是针对Java开发者而言。对于虚拟机，需要为每个平台分别开发。为了保证不同平台、不同公司开发的虚拟机都能正确执行Java字节码，SUN公司制定了一系列的Java虚拟机规范。从实践的角度看，JVM的兼容性做得非常好，低版本的Java字节码完全可以正常运行在高版本的JVM上。', 'Normal', 7, 0, 80, '1727145932585295873', 0, '2023-07-06 12:32:13', '2023-11-25 00:53:18');
INSERT INTO `edu_article` VALUES ('1676828001294994818', '1106832491064442882', '海之恋', 'MySQL数据库', 'MySQL原本是一个开放源码的关系数据库管理系统，原开发者为瑞典的MySQL AB公司，该公司于2008年被昇阳微系统（Sun Microsystems）收购。2009年，甲骨文公司（Oracle）收购昇阳微系统公司，MySQL成为Oracle旗下产品。\nMySQL在过去由于性能高、成本低、可靠性好，已经成为最流行的开源数据库，因此被广泛地应用在Internet上的中小型网站中。随着MySQL的不断成熟，它也逐渐用于更多大规模网站和应用，比如维基百科、Google和Facebook等网站。非常流行的开源软件组合LAMP中的“M”指的就是MySQL。\n但被甲骨文公司收购后，Oracle大幅调涨MySQL商业版的售价，且甲骨文公司不再支持另一个自由软件项目OpenSolaris的发展，因此导致自由软件社群们对于Oracle是否还会持续支持MySQL社群版（MySQL之中唯一的免费版本）有所隐忧，MySQL的创始人麦克尔·维德纽斯以MySQL为基础，成立分支计划MariaDB。而原先一些使用MySQL的开源软件逐渐转向MariaDB或其它的数据库。例如维基百科已于2013年正式宣布将从MySQL迁移到MariaDB数据库。\nMySQL的license现在分为免费的社区版与收费的标准版、企业版等[8]。一般说来，如果在非开源项目中发布了MySQL，或者需要Oracle公司提供对MySQL的技术支持，或者使用MySQL的一些企业版工具或插件，或者修改MySQL源代码并作为闭源的软件等等情形，需要购买商业版本。如果只是安装并使用MySQL，甚至修改并使用MySQL，无论是否收费；或者软件中不包含MySQL，软件的用户自行安装MySQL；或者使用GPL协议的开源软件产品中包含了MySQL，这些情形可能使用社区版MySQL。', 'Normal', 1, 0, 57, '1678024215338459138', 0, '2023-07-05 11:06:15', '2023-11-25 21:22:06');
INSERT INTO `edu_article` VALUES ('1676958576419123201', '1106832491064442882', '海之恋', 'Python程序设计', 'Python是著名的“龟叔”Guido van Rossum在1989年圣诞节期间，为了打发无聊的圣诞节而编写的一个编程语言。\n现在，全世界差不多有600多种编程语言，但流行的编程语言也就那么20来种。如果你听说过TIOBE排行榜，你就能知道编程语言的大致流行程度。总的来说，这几种编程语言各有千秋。C语言是可以用来编写操作系统的贴近硬件的语言，所以，C语言适合开发那些追求运行速度、充分发挥硬件性能的程序。而Python是用来编写应用程序的高级编程语言。\n当你用一种语言开始作真正的软件开发时，你除了编写代码外，还需要很多基本的已经写好的现成的东西，来帮助你加快开发进度。比如说，要编写一个电子邮件客户端，如果先从最底层开始编写网络协议相关的代码，那估计一年半载也开发不出来。高级编程语言通常都会提供一个比较完善的基础代码库，让你能直接调用，比如，针对电子邮件协议的SMTP库，针对桌面环境的GUI库，在这些已有的代码库的基础上开发，一个电子邮件客户端几天就能开发出来。\nPython就为我们提供了非常完善的基础代码库，覆盖了网络、文件、GUI、数据库、文本等大量内容，被形象地称作“内置电池（batteries included）”。用Python开发，许多功能不必从零编写，直接使用现成的即可。\n除了内置的库外，Python还有大量的第三方库，也就是别人开发的，供你直接使用的东西。当然，如果你开发的代码通过很好的封装，也可以作为第三方库给别人使用。', 'Normal', 0, 0, 100, '1676958485532749825', 0, '2023-07-06 22:17:36', '2023-11-21 17:24:21');
INSERT INTO `edu_article` VALUES ('1677215602638327810', '1106832491064442882', '海之恋', '计算机网络大纲', '第一章 计算机体系结构\n\n计算机网络概述\n计算机网络的概念\n计算机网络的组成\n计算机网络的功能\n计算机网络的分类\n计算机网络的标准化工作及相关组织\n计算机网络的性能指标\n计算机网络体系结构与参考模型\n计算机网络分层结构\n协议\n接口\nISO/OSI参考模型和TCP/IP参考模型\n\n第二章 物理层\n通信基础\n信号\n信源、信道及信宿\n速率、波特及码元\n带宽\n奈奎斯特定理\n香农定理\n编码与调制\n数据传输方式\n数据报与虚电路\n传输介质\n\n传输介质分类\n物理层接口的特性\n物理层设备\n\n中继器\n集线器\n第三章 数据链路层\n数据链路层的功能\n\n组帧\n\n差错控制\n\n检错编码\n纠错编码\n流量控制与可靠传输控制\n\n流量控制\n可靠传输机制\n滑动窗口机制\n停止-等待协议\n后退N帧协议GBN\n选择重传协议SR\n发送缓存和接收缓存\n介质访问控制\n\n介质访问控制分类\n信道划分介质访问控制\n随机访问介质访问控制\n轮询访问介质访问控制\n局域网\n\n局域网的基本概念与体系结构\n以太网的工作原理\n以太网的MAC帧\n以太网的传输介质\n告诉以太网\n无线局域网\n令牌环网的工作原理\n广域网\n\n广域网的基本概念\nPPP协议\nHDLC协议\n数据链路层设备\n\n网桥的基本概念和基本原理\n网桥的分类\n局域网交换及其工作原理\n各设备的广播域、冲突域及总结\n第四层 网络层\n网络层的功能\n\n异构网络互连\n路由与转发\n拥塞控制\n路由算法\n\n静态路由与动态路由\n距离-向量路由算法\n链路状态路由算法\n层次路由\nIPv4\n\nIPv4分组\nIPv4地址\nNAT\n子网划分与子网掩码\nCIDR\nARP\nDHCP\nICMP\nIPv6\n\nIPv6的特点\nIPv6的格式\n路由协议\n\n路由选择协议分类\nRIP\nOSPF\nRIP和OSPF的比较\nBGP\nRIP、OSPF、BGP最终陈述\nIP组播\n\n组播的概念\nIP组播地址\n组播地址与MAC地址的换算\n移动IP\n\n移动IP的概念\n移动IP的通信过程\n网络层设备\n\n路由器的组成和功能\n路由表与路由转发\n第五章 传输层\n传输层提供的服务\n\n传输层的功能\n传输寻址与端口\n无连接服务与面向连接服务\nUDP\n\nUPD数据报\nUDP校验\nTCP\n\nTCP报文段\nTCP连接管理\nTCP可靠传输\nTCP流量控制\nTCP拥塞控制的基本概念\n拥塞控制的4种算法\n第六章 应用层\n网络应用模型\n\n客户/服务器模型\nP2P模型\nDNS系统\n\nDNS系统的概念\n层次域名空间\n域名服务器\n域名解析过程\nFTP\n\nFTP的工作原理\n控制连接与数据连接\n电子邮件\n\n电子邮件的组成结构\n电子邮件格式与MIME\nSMTP和POP3\nWWW\n\nWWW的概念与组成结构\nHTTP', 'Normal', 0, 0, 0, '1677149433990508546', 0, '2023-07-07 15:18:55', '2023-11-22 09:41:18');
INSERT INTO `edu_article` VALUES ('1677964481788907522', '1671420875431223297', 'nick', 'C51单片机', '51单片机是对兼容英特尔8051指令系统的单片机的统称。51单片机广泛应用于家用电器、汽车、工业测控、通信设备中。因为51单片机的指令系统、内部结构相对简单，所以国内许多高校用其进行单片机入门教学。\n8051是一种8位元的单晶片微控制器，属于MCS-51单晶片的一种，由英特尔公司于1981年制造。到现在，有更多的IC设计商，如Atmel、飞利浦、华邦等公司，相继开发了功能更多、更强大的兼容产品。\n8051单芯片是同步式的顺序逻辑系统，整个系统的工作完全是依赖系统内部的时脉信号，用以来产生各种动作周期及同步信号。在8051单片机中已内建时钟产生器，在使用时只需接上石英晶体谐振器（或其它振荡子）及电容，就可以让系统产生正确的时钟信号。\n英特尔原来的8051系列的开发利用 NMOS 技术，但后来的版本中，在其名称加入字母C（例如，80C51），确定使用 CMOS技术，这样比NMOS节能源。这使它们更适合于电池供电设备。\n8051在单一的封装中提供很多功能，包括CPU、RAM、ROM、输入输出、中断、时钟等。\n8051能够达到以一般工业配线盘更小的体积，来达成自动控制作业，如感测讯号的撷取、循序控制等，它皆能轻易的完成。 近年来单晶片的功能不断加强，价格愈加便宜，传统的8051已经成为学校的教材。\n单晶片具备了便宜、电路简单、体积小与耗电低等优点，所以目前在业界使用的极为广泛。比如要控制一个马达就不需要使用一台个人电脑（PC）来控制，只要一颗单晶片加上驱动电路就可以加以控制这颗马达的运转了。', 'Normal', 0, 0, 0, '1678024683724775425', 0, '2023-07-09 16:54:42', '2023-11-22 09:44:58');
INSERT INTO `edu_article` VALUES ('1677964729705828354', '1671420875431223297', 'nick', 'Hadoop从入门到精通', 'Apache Hadoop是一款支持数据密集型分布式应用程序并以Apache 2.0许可协议发布的开源软件框架，有助于使用许多计算机组成的网络来解决数据、计算密集型的问题。基于MapReduce计算模型，它为大数据的分布式存储与处理提供了一个软件框架。所有的Hadoop模块都有一个基本假设，即硬件故障是常见情况，应该由框架自动处理。\nApache Hadoop的核心模块分为存储和计算模块，前者被称为Hadoop分布式文件系统（HDFS），后者即MapReduce计算模型。Hadoop框架先将文件分成数据块并分布式地存储在集群的计算节点中，接着将负责计算任务的代码传送给各节点，让其能够并行地处理数据。这种方法有效利用了数据局部性，令各节点分别处理其能够访问的数据。与传统的超级计算机架构相比，这使得数据集的处理速度更快、效率更高。\nApache Hadoop框架由以下基本模块构成：\nHadoop Common – 包含了其他Hadoop 模块所需的库和实用程序；\nHadoop Distributed File System (HDFS) – 一种将数据存储在集群中多个节点中的分布式文件系统，能够提供很高的带宽；\nHadoop YARN – （于2012年引入） 一个负责管理集群中计算资源，并实现用户程序调度的平台；\nHadoop MapReduce – 用于大规模数据处理的MapReduce计算模型实现；\nHadoop Ozone – （于2020年引入） Hadoop的对象存储。\nHadoop 一词通常代指其基本模块和子模块以及生态系统，或可以安装在 Hadoop 之上的软件包的集合，例如Apache Pig、Apache Hive、Apache HBase、Apache Phoenix、Apache Spark、Apache ZooKeeper、Cloudera Impala、Apache Flume、Apache Sqoop、Apache Oozie和Apache Storm。\nApache Hadoop的MapReduce和HDFS模块的灵感来源于Google的MapReduce和Google File System论文。\nHadoop 框架本身主要是用Java编程语言编写的，也包括了一些C语言编写的本机代码和Shell脚本编写的命令行实用程序。尽管MapReduce Java代码很常见，但任何编程语言都可以与Hadoop Streaming一起使用来实现用户程序的map和reduce部分。Hadoop 生态系统中的其他项目实现了更为丰富的用户界面。\nHadoop Common：在0.20及以前的版本中，包含HDFS、MapReduce和其他项目公共内容，从0.21开始HDFS和MapReduce被分离为独立的子项目，其余内容为Hadoop Common\nHDFS：Hadoop分布式文件系统（Distributed File System）－HDFS（Hadoop Distributed File System）\nMapReduce：并行计算框架，0.20前使用org.apache.hadoop.mapred旧接口，0.20版本开始引入org.apache.hadoop.mapreduce的新API', 'Normal', 0, 0, 2, '1676924256325316609', 0, '2023-07-09 16:55:41', '2023-11-22 09:38:30');
INSERT INTO `edu_article` VALUES ('1688489856195272269', '1671420875431223297', 'nick', '动态规划', '动态规划（Dynamic programming，DP）是一种在数学、管理科学、计算机科学、经济学和生物信息学中使用的，通过把原问题分解为相对简单的子问题的方式求解复杂问题的方法。\n动态规划常常适用于有重叠子问题[1]和最优子结构性质的问题，动态规划方法所耗时间往往远少于朴素解法。\n动态规划背后的基本思想非常简单。大致上，若要解一个给定问题，我们需要解其不同部分（即子问题），再根据子问题的解以得出原问题的解。\n通常许多子问题非常相似，为此动态规划法试图仅仅解决每个子问题一次，从而减少计算量：一旦某个给定子问题的解已经算出，则将其记忆化存储，以便下次需要同一个子问题解之时直接查表。这种做法在重复子问题的数目关于输入的规模呈指数增长时特别有用。\n动态规划在查找有很多重叠子问题的情况的最优解时有效。它将问题重新组合成子问题。为了避免多次解决这些子问题，它们的结果都逐渐被计算并被保存，从简单的问题直到整个问题都被解决。因此，动态规划保存递归时的结果，因而不会在解决同样的问题时花费不必要的时间。\n动态规划只能应用于有最优子结构的问题。最优子结构的意思是局部最优解能决定全局最优解（对有些问题这个要求并不能完全满足，故有时需要引入一定的近似）。简单地说，问题能够分解成子问题来解决。', 'Normal', 2, 10, 427, '1677148917562634242', 0, '2023-07-05 11:06:15', '2023-11-22 09:56:59');
INSERT INTO `edu_article` VALUES ('1726894936013447170', '1', 'admin', 'Java教程', '这是专门针对小白的零基础Java教程。\n为什么Java应用最广泛？\n从互联网到企业平台，Java是应用最广泛的编程语言，原因在于：\nJava是基于JVM虚拟机的跨平台语言，一次编写，到处运行；\nJava程序易于编写，而且有内置垃圾收集，不必考虑内存管理；\nJava虚拟机拥有工业级的稳定性和高度优化的性能，且经过了长时期的考验；\nJava拥有最广泛的开源社区支持，各种高质量组件随时可用。\nJava语言常年霸占着三大市场：\n互联网和企业应用，这是Java EE的长期优势和市场地位；\n大数据平台，主要有Hadoop、Spark、Flink等，他们都是Java或Scala（一种运行于JVM的编程语言）开发的；\nAndroid移动平台。\n这意味着Java拥有最广泛的就业市场。', 'Normal', 0, 0, 4, '1727145932585295873', 0, '2023-11-21 17:26:52', '2023-11-25 00:53:15');
INSERT INTO `edu_article` VALUES ('1726895226984898561', '1671420875431223297', 'nick', 'Spring', 'Spring框架是 Java 平台的一个开源的全栈（full-stack）应用程序框架和控制反转容器实现，一般被直接称为 Spring。该框架的一些核心功能理论上可用于任何 Java 应用，但 Spring 还为基于Java企业版平台构建的 Web 应用提供了大量的拓展支持。Spring 没有直接实现任何的编程模型，但它已经在 Java 社区中广为流行，基本上完全代替了企业级JavaBeans（EJB）模型。\nSpring是一个开放源代码的设计层面框架，它是于2003 年兴起的一个轻量级的Java 开发框架。由Rod Johnson创建，其前身为Interface21框架，后改为了Spring并且正式发布。Spring是为了解决企业应用开发的复杂性而创建的。它解决的是业务逻辑层和其他各层的松耦合问题，因此它将面向接口的编程思想贯穿整个系统应用。框架的主要优势之一就是其分层架构，分层架构允许使用者选择使用哪一个组件，同时为 J2EE 应用程序开发提供集成的框架。Spring使用基本的JavaBean来完成以前只可能由EJB完成的事情。然而，Spring的用途不仅限于服务器端的开发。从简单性、可测试性和松耦合的角度而言，任何Java应用都可以从Spring中受益。简单来说，Spring是一个分层的JavaSE/EE full-stack(一站式) 轻量级开源框架。Spring 的理念：不去重新发明轮子。其核心是控制反转（IOC）和面向切面（AOP）。\n在2002年10月，由Rod Johnson 编著的书名为《Expert One-to-One J2EE Design and Development》一书中，对Java EE 系统框架臃肿、低效、脱离现实的种种现状提出了质疑，并阐述了 J2EE 使用 EJB 开发设计的优点及解决方案，他提出了一个基于普通 Java 类和依赖注入的更简单的解决方案。然后以此书为指导思想，他编写了interface21框架，这是一个力图冲破J2EE传统开发的困境，从实际需求出发，着眼于轻便、灵巧，易于开发、测试和部署的轻量级开发框架。Spring框架即以interface21框架为基础，经过重新设计，并不断丰富其内涵，于2004年3月24日，发布了1.0正式版。同年他又推出了一部堪称经典的力作《Expert one-on-one J2EE Development without EJB》，该书在Java世界掀起了轩然大波，不断改变着Java开发者程序设计和开发的思考方式。在该书中，作者根据自己多年丰富的实践经验，对EJB的各种笨重臃肿的结构进行了逐一的分析和否定，并分别以简洁实用的方式替换之。至此一战功成，Rod Johnson成为一个改变Java世界的大师级人物。值得注意的是，Rod Johnson是悉尼大学的博士，然而他的专业不是计算机，而是音乐学。\nSpring框架自从发布以来，就得到快速发展，经过时代的验证，现在已经是最受欢迎的企业级 Java 应用程序开发框架，数以百万的来自世界各地的开发人员使用 Spring 框架来创建性能好、易于测试、可重用的代码。从2004发布的第一个Spring版本，到现在已经更新到第五个Spring版本了，我们下面来看看各个版本的变化。', 'Normal', 0, 0, 0, '1678024394858864641', 0, '2023-11-21 17:28:01', '2023-11-22 09:33:00');
INSERT INTO `edu_article` VALUES ('1726895226998561848', '1672148485295575042', 'helloWorld', '使用Java写一个HelloWorld', '第一节 HelloWorld-第一个程序\npublic class Hello {\n    public static void main(String[] args) {\n        System.out.println(\"Hello, world!\");\n    }\n}', 'Normal', 5, 0, 194, '1727145932585295873', 0, '2023-07-05 15:53:03', '2023-11-22 10:04:37');
INSERT INTO `edu_article` VALUES ('1727271429440901122', '1', 'admin', '测试', '测试ElasticSearch', 'Normal', 0, 0, 0, '0', 0, '2023-11-22 18:22:55', '2023-11-22 18:41:33');

-- ----------------------------
-- Table structure for edu_categories
-- ----------------------------
DROP TABLE IF EXISTS `edu_categories`;
CREATE TABLE `edu_categories`  (
  `id` char(19) CHARACTER SET utf8 COLLATE utf8_general_ci NOT NULL COMMENT '分类ID',
  `name` varchar(50) CHARACTER SET utf8 COLLATE utf8_general_ci NOT NULL COMMENT '分类名称',
  `description` varchar(100) CHARACTER SET utf8 COLLATE utf8_general_ci NOT NULL DEFAULT '暂无描述' COMMENT '分类描述',
  `sort` int(10) UNSIGNED NOT NULL DEFAULT 0 COMMENT '排序字段',
  `gmt_create` datetime(0) NOT NULL COMMENT '创建时间',
  `gmt_modified` datetime(0) NOT NULL COMMENT '更新时间',
  PRIMARY KEY (`id`) USING BTREE
) ENGINE = InnoDB CHARACTER SET = utf8 COLLATE = utf8_general_ci COMMENT = '文章分类' ROW_FORMAT = Dynamic;

-- ----------------------------
-- Records of edu_categories
-- ----------------------------
INSERT INTO `edu_categories` VALUES ('0', '默认分组', '默认的分组', 0, '2023-07-04 17:40:31', '2023-07-06 20:20:28');
INSERT INTO `edu_categories` VALUES ('1676924256325316609', '大数据开发', '包含Hadoop、Spark等框架', 0, '2023-07-06 20:35:15', '2023-07-06 22:17:56');
INSERT INTO `edu_categories` VALUES ('1676926573002993666', 'C++', '谭某开发C++', 3, '2023-07-06 20:10:25', '2023-07-06 20:20:46');
INSERT INTO `edu_categories` VALUES ('1676928061171412994', '机器学习', 'AI核心技术', 5, '2023-07-06 20:16:20', '2023-07-06 20:21:03');
INSERT INTO `edu_categories` VALUES ('1676958485532749825', 'Python', 'Python程序设计', 0, '2023-07-06 22:17:14', '2023-07-07 10:54:14');
INSERT INTO `edu_categories` VALUES ('1677148917562634242', '数据结构与算法', '基础才是重中之重', 5, '2023-07-07 10:53:57', '2023-07-07 10:53:57');
INSERT INTO `edu_categories` VALUES ('1677149433990508546', '计算机网络', '计算机技术的基础课', 0, '2023-07-07 10:56:00', '2023-07-07 10:56:00');
INSERT INTO `edu_categories` VALUES ('1678024215338459138', '数据库', '数据库的索引等基础原理', 0, '2023-07-09 20:52:04', '2023-07-09 20:52:04');
INSERT INTO `edu_categories` VALUES ('1678024394858864641', '后端', 'JavaWeb、SSM框架、SpringBoot以及微服务处理', 0, '2023-07-09 20:52:47', '2023-11-22 09:52:52');
INSERT INTO `edu_categories` VALUES ('1678024568985395201', '操作系统', '软件开发的底层基础课', 0, '2023-07-09 20:53:28', '2023-07-09 20:53:28');
INSERT INTO `edu_categories` VALUES ('1678024683724775425', '单片机', '主流C51、STM32单片机', 0, '2023-07-09 20:53:55', '2023-07-09 20:53:55');
INSERT INTO `edu_categories` VALUES ('1727142018897010689', '数学', '数学-一切科学的起源', 0, '2023-11-22 09:48:41', '2023-11-22 09:48:41');
INSERT INTO `edu_categories` VALUES ('1727142190506958849', '计算机组成原理', '计算机的底层结构', 0, '2023-11-22 09:49:22', '2023-11-22 09:49:22');
INSERT INTO `edu_categories` VALUES ('1727143218577006594', '前端', '创建一个令人舒适的页面', 0, '2023-11-22 09:53:27', '2023-11-22 09:53:27');
INSERT INTO `edu_categories` VALUES ('1727145932585295873', 'Java程序设计', '狠狠地赚一笔', 0, '2023-11-22 10:04:14', '2023-11-22 10:04:54');

-- ----------------------------
-- Table structure for edu_chapter
-- ----------------------------
DROP TABLE IF EXISTS `edu_chapter`;
CREATE TABLE `edu_chapter`  (
  `id` char(19) CHARACTER SET utf8mb4 COLLATE utf8mb4_general_ci NOT NULL COMMENT '章节ID',
  `course_id` char(19) CHARACTER SET utf8mb4 COLLATE utf8mb4_general_ci NOT NULL COMMENT '课程ID',
  `title` varchar(50) CHARACTER SET utf8mb4 COLLATE utf8mb4_general_ci NOT NULL COMMENT '章节名称',
  `sort` int(10) UNSIGNED NOT NULL DEFAULT 0 COMMENT '显示排序',
  `gmt_create` datetime(0) NOT NULL COMMENT '创建时间',
  `gmt_modified` datetime(0) NOT NULL COMMENT '更新时间',
  PRIMARY KEY (`id`) USING BTREE,
  INDEX `idx_course_id`(`course_id`) USING BTREE
) ENGINE = InnoDB CHARACTER SET = utf8mb4 COLLATE = utf8mb4_general_ci COMMENT = '课程' ROW_FORMAT = Compact;

-- ----------------------------
-- Records of edu_chapter
-- ----------------------------
INSERT INTO `edu_chapter` VALUES ('1', '14', '第一章：HTML', 0, '2019-01-01 12:27:40', '2019-01-01 12:55:30');
INSERT INTO `edu_chapter` VALUES ('1181729226915577857', '18', '第七章：I/O流', 70, '2019-10-09 08:32:58', '2019-10-09 08:33:20');
INSERT INTO `edu_chapter` VALUES ('1192252428399751169', '1192252213659774977', '第一章节', 0, '2019-11-07 09:28:25', '2019-11-07 09:28:25');
INSERT INTO `edu_chapter` VALUES ('15', '18', '第一章：Java入门', 0, '2019-01-01 12:27:40', '2019-10-09 09:13:19');
INSERT INTO `edu_chapter` VALUES ('1668499691098116098', '1668499639948578817', '第一章 测试它', 1, '2023-06-13 14:05:00', '2023-06-13 14:05:00');
INSERT INTO `edu_chapter` VALUES ('1668499794210885633', '1668499639948578817', '第二章 打的', 1, '2023-06-13 14:05:25', '2023-06-13 14:05:25');
INSERT INTO `edu_chapter` VALUES ('1668506717538869250', '1668506669753163778', '第一章 第二次此时的', 1, '2023-06-13 14:32:55', '2023-06-13 14:32:55');
INSERT INTO `edu_chapter` VALUES ('1668506746366320641', '1668506669753163778', '第二章 の', 0, '2023-06-13 14:33:02', '2023-06-13 14:33:02');
INSERT INTO `edu_chapter` VALUES ('1668592152814415873', '1667817396523610113', '第一章 第一个程序', 0, '2023-06-13 20:12:25', '2023-07-02 22:34:52');
INSERT INTO `edu_chapter` VALUES ('1669243551944331266', '1669243201661227010', '第一', 1, '2023-06-15 15:20:50', '2023-06-15 15:20:50');
INSERT INTO `edu_chapter` VALUES ('1669552472257019905', '1669552428090998786', '第一章 SpringBoot入门及原理', 0, '2023-06-16 11:48:23', '2023-07-02 22:18:20');
INSERT INTO `edu_chapter` VALUES ('1670337365404549121', '1669542885265063937', '第一章 MyBatis', 0, '2023-06-18 15:47:16', '2023-07-02 22:25:48');
INSERT INTO `edu_chapter` VALUES ('1672483759783440385', '1672483700106883074', '第一章 初识数据结构', 0, '2023-06-24 13:56:16', '2023-07-02 22:49:17');
INSERT INTO `edu_chapter` VALUES ('1675508147768348674', '1675508022841004034', '第一章 初识神经网络', 1, '2023-07-02 22:14:07', '2023-07-02 22:14:07');
INSERT INTO `edu_chapter` VALUES ('1675508224498946050', '1675508022841004034', '第二章 循环神经网络', 2, '2023-07-02 22:14:25', '2023-07-02 22:16:35');
INSERT INTO `edu_chapter` VALUES ('1675508925526528002', '1669552428090998786', '第二章 SpringBoot操作数据库', 1, '2023-07-02 22:17:12', '2023-07-02 22:18:06');
INSERT INTO `edu_chapter` VALUES ('1675511565677318146', '1669542885265063937', '第二章 Spring', 0, '2023-07-02 22:27:41', '2023-07-02 22:28:38');
INSERT INTO `edu_chapter` VALUES ('1675512018481795074', '1669542885265063937', '第三章 SpringMVC', 2, '2023-07-02 22:29:29', '2023-07-02 22:29:47');
INSERT INTO `edu_chapter` VALUES ('1675514729973501954', '1675508022841004034', '第三章 卷积神经网络', 2, '2023-07-02 22:40:16', '2023-07-02 22:40:16');
INSERT INTO `edu_chapter` VALUES ('1675700272342528001', '1675449343588454401', '第一章 单节点Hadoop', 0, '2023-07-03 10:57:33', '2023-07-03 10:57:33');
INSERT INTO `edu_chapter` VALUES ('1675700905686626306', '1675500244395184130', '第一章 初识Python', 0, '2023-07-03 11:00:04', '2023-07-03 11:00:04');
INSERT INTO `edu_chapter` VALUES ('1675789962458460162', '1675500244395184130', '第二章 循换与判断', 1, '2023-07-03 16:53:56', '2023-07-03 16:55:38');
INSERT INTO `edu_chapter` VALUES ('1675790204557881345', '1675500244395184130', '第三章 列表', 0, '2023-07-03 16:54:54', '2023-07-03 21:22:52');
INSERT INTO `edu_chapter` VALUES ('1675791926160289793', '1675500244395184130', '第四章 元组', 0, '2023-07-03 17:01:45', '2023-07-03 21:22:59');
INSERT INTO `edu_chapter` VALUES ('1675857593085489154', '1675500244395184130', '第五章 字典', 0, '2023-07-03 21:22:41', '2023-07-03 21:23:08');
INSERT INTO `edu_chapter` VALUES ('3', '14', '第二章：CSS', 0, '2019-01-01 12:55:35', '2019-01-01 12:27:40');
INSERT INTO `edu_chapter` VALUES ('32', '18', '第二章：控制台输入和输出', 0, '2019-01-01 12:27:40', '2019-01-01 12:27:40');
INSERT INTO `edu_chapter` VALUES ('44', '18', '第三章：控制流', 0, '2019-01-01 12:27:40', '2019-01-01 12:27:40');
INSERT INTO `edu_chapter` VALUES ('48', '18', '第四章：类的定义', 0, '2019-01-01 12:27:40', '2019-01-01 12:27:40');
INSERT INTO `edu_chapter` VALUES ('63', '18', '第五章：数组', 0, '2019-01-01 12:27:40', '2019-01-01 12:27:40');
INSERT INTO `edu_chapter` VALUES ('64', '18', '第六章：继承', 61, '2019-01-01 12:27:40', '2019-10-09 08:32:47');

-- ----------------------------
-- Table structure for edu_comment
-- ----------------------------
DROP TABLE IF EXISTS `edu_comment`;
CREATE TABLE `edu_comment`  (
  `id` char(19) CHARACTER SET utf8mb4 COLLATE utf8mb4_general_ci NOT NULL COMMENT '评论Id',
  `course_id` varchar(19) CHARACTER SET utf8mb4 COLLATE utf8mb4_general_ci NOT NULL DEFAULT '' COMMENT '课程Id',
  `teacher_id` char(19) CHARACTER SET utf8mb4 COLLATE utf8mb4_general_ci NOT NULL DEFAULT '' COMMENT '讲师Id',
  `member_id` varchar(19) CHARACTER SET utf8mb4 COLLATE utf8mb4_general_ci NOT NULL DEFAULT '' COMMENT '会员Id',
  `nickname` varchar(50) CHARACTER SET utf8mb4 COLLATE utf8mb4_general_ci NULL DEFAULT NULL COMMENT '会员昵称',
  `avatar` varchar(255) CHARACTER SET utf8mb4 COLLATE utf8mb4_general_ci NULL DEFAULT NULL COMMENT '会员头像',
  `content` varchar(500) CHARACTER SET utf8mb4 COLLATE utf8mb4_general_ci NULL DEFAULT NULL COMMENT '评论内容',
  `is_deleted` tinyint(1) UNSIGNED NOT NULL DEFAULT 0 COMMENT '逻辑删除 1（true）已删除， 0（false）未删除',
  `gmt_create` datetime(0) NOT NULL COMMENT '创建时间',
  `gmt_modified` datetime(0) NOT NULL COMMENT '更新时间',
  PRIMARY KEY (`id`) USING BTREE,
  INDEX `idx_course_id`(`course_id`) USING BTREE,
  INDEX `idx_teacher_id`(`teacher_id`) USING BTREE,
  INDEX `idx_member_id`(`member_id`) USING BTREE
) ENGINE = InnoDB CHARACTER SET = utf8mb4 COLLATE = utf8mb4_general_ci COMMENT = '评论' ROW_FORMAT = Dynamic;

-- ----------------------------
-- Records of edu_comment
-- ----------------------------
INSERT INTO `edu_comment` VALUES ('1194499162790211585', '1192252213659774977', '1189389726308478977', '1', 'admin', 'https://online-education-chn.oss-cn-beijing.aliyuncs.com/avatar/default.jpg', '课程很好', 0, '2019-11-13 14:16:08', '2019-11-13 14:16:08');
INSERT INTO `edu_comment` VALUES ('1194898406466420738', '1192252213659774977', '1189389726308478977', '1', 'admin', 'https://online-education-chn.oss-cn-beijing.aliyuncs.com/avatar/default.jpg', '11', 0, '2019-11-14 16:42:35', '2019-11-14 16:42:35');
INSERT INTO `edu_comment` VALUES ('1194898484388200450', '1192252213659774977', '1189389726308478977', '1', 'admin', 'https://online-education-chn.oss-cn-beijing.aliyuncs.com/avatar/default.jpg', '111', 0, '2019-11-14 16:42:53', '2019-11-14 16:42:53');
INSERT INTO `edu_comment` VALUES ('1195251020861317122', '1192252213659774977', '1189389726308478977', '1', 'admin', 'https://online-education-chn.oss-cn-beijing.aliyuncs.com/avatar/default.jpg', '2233', 0, '2019-11-15 16:03:45', '2019-11-15 16:03:45');
INSERT INTO `edu_comment` VALUES ('1195251382720700418', '1192252213659774977', '1189389726308478977', '1', 'admin', 'https://online-education-chn.oss-cn-beijing.aliyuncs.com/avatar/default.jpg', '4455', 0, '2019-11-15 16:05:11', '2019-11-15 16:05:11');
INSERT INTO `edu_comment` VALUES ('1195252819177570306', '1192252213659774977', '1189389726308478977', '1', 'admin', 'https://online-education-chn.oss-cn-beijing.aliyuncs.com/avatar/default.jpg', '55', 0, '2019-11-15 16:10:53', '2019-11-15 16:10:53');
INSERT INTO `edu_comment` VALUES ('1195252899448160258', '1192252213659774977', '1189389726308478977', '1', 'admin', 'https://online-education-chn.oss-cn-beijing.aliyuncs.com/avatar/default.jpg', '55', 0, '2019-11-15 16:11:13', '2019-11-15 16:11:13');
INSERT INTO `edu_comment` VALUES ('1195252920587452417', '1192252213659774977', '1189389726308478977', '1', 'admin', 'https://online-education-chn.oss-cn-beijing.aliyuncs.com/avatar/default.jpg', '223344', 0, '2019-11-15 16:11:18', '2019-11-15 16:11:18');
INSERT INTO `edu_comment` VALUES ('1195262128095559681', '14', '1189389726308478977', '1', 'admin', 'https://online-education-chn.oss-cn-beijing.aliyuncs.com/avatar/default.jpg', '11', 0, '2019-11-15 16:47:53', '2019-11-15 16:47:53');
INSERT INTO `edu_comment` VALUES ('1196264505170767874', '1192252213659774977', '1189389726308478977', '1', 'admin', 'https://online-education-chn.oss-cn-beijing.aliyuncs.com/avatar/default.jpg', '666666', 0, '2019-11-18 11:10:58', '2019-11-18 11:10:58');
INSERT INTO `edu_comment` VALUES ('1672953131555733506', '1192252213659774977', '1189389726308478977', '1671420875431223297', 'nick', 'https://online-education-chn.oss-cn-beijing.aliyuncs.com/avatar/default.jpg', '测试一下发送评论功能', 0, '2023-06-25 21:01:23', '2023-06-25 21:01:23');
INSERT INTO `edu_comment` VALUES ('1672959577122959362', '1192252213659774977', '1189389726308478977', '1671420875431223297', 'nick', 'https://online-education-chn.oss-cn-beijing.aliyuncs.com/avatar/default.jpg', '加一', 0, '2023-06-25 21:27:00', '2023-06-25 21:27:00');
INSERT INTO `edu_comment` VALUES ('1672959577122959363', '1192252213659774977', '1189389726308478977', '1671420875431223297', 'nick', 'https://online-education-chn.oss-cn-beijing.aliyuncs.com/avatar/default.jpg', '加一', 0, '2023-06-25 21:27:00', '2023-06-25 21:27:00');
INSERT INTO `edu_comment` VALUES ('1673195747018838018', '1192252213659774977', '1189389726308478977', '1671420875431223297', 'nick', 'https://online-education-chn.oss-cn-beijing.aliyuncs.com/avatar/default.jpg', '在此测试', 0, '2023-06-26 13:05:27', '2023-06-26 13:05:27');
INSERT INTO `edu_comment` VALUES ('1673200210517463042', '1192252213659774977', '1189389726308478977', '1671420875431223297', 'nick', 'https://online-education-chn.oss-cn-beijing.aliyuncs.com/avatar/default.jpg', '2', 0, '2023-06-26 13:23:11', '2023-06-26 13:23:11');
INSERT INTO `edu_comment` VALUES ('1673530083731636225', '1192252213659774977', '1189389726308478977', '1671420875431223297', 'nick', 'https://online-education-chn.oss-cn-beijing.aliyuncs.com/avatar/default.jpg', '测试', 0, '2023-06-27 11:13:59', '2023-06-27 11:13:59');
INSERT INTO `edu_comment` VALUES ('1673531665676263426', '1192252213659774977', '1189389726308478977', '1671420875431223297', 'nick', 'https://online-education-chn.oss-cn-beijing.aliyuncs.com/avatar/default.jpg', '评论', 0, '2023-06-27 11:20:16', '2023-06-27 11:20:16');
INSERT INTO `edu_comment` VALUES ('1673532581028585473', '1192252213659774977', '1189389726308478977', '1671420875431223297', 'nick', 'https://online-education-chn.oss-cn-beijing.aliyuncs.com/avatar/default.jpg', '写评论', 0, '2023-06-27 11:23:55', '2023-06-27 11:23:55');

-- ----------------------------
-- Table structure for edu_comment_article
-- ----------------------------
DROP TABLE IF EXISTS `edu_comment_article`;
CREATE TABLE `edu_comment_article`  (
  `id` char(19) CHARACTER SET utf8mb4 COLLATE utf8mb4_general_ci NOT NULL COMMENT '评论ID',
  `article_id` varchar(19) CHARACTER SET utf8mb4 COLLATE utf8mb4_general_ci NOT NULL DEFAULT '' COMMENT '文章id',
  `member_id` varchar(19) CHARACTER SET utf8mb4 COLLATE utf8mb4_general_ci NOT NULL DEFAULT '' COMMENT '会员id',
  `nickname` varchar(50) CHARACTER SET utf8mb4 COLLATE utf8mb4_general_ci NULL DEFAULT NULL COMMENT '会员昵称',
  `avatar` varchar(255) CHARACTER SET utf8mb4 COLLATE utf8mb4_general_ci NULL DEFAULT NULL COMMENT '会员头像',
  `content` varchar(500) CHARACTER SET utf8mb4 COLLATE utf8mb4_general_ci NULL DEFAULT NULL COMMENT '评论内容',
  `is_deleted` tinyint(1) UNSIGNED NOT NULL DEFAULT 0 COMMENT '逻辑删除 1（true）已删除， 0（false）未删除',
  `gmt_create` datetime(0) NOT NULL COMMENT '创建时间',
  `gmt_modified` datetime(0) NOT NULL COMMENT '更新时间',
  PRIMARY KEY (`id`) USING BTREE,
  INDEX `idx_course_id`(`article_id`) USING BTREE,
  INDEX `idx_member_id`(`member_id`) USING BTREE
) ENGINE = InnoDB CHARACTER SET = utf8mb4 COLLATE = utf8mb4_general_ci COMMENT = '文章评论' ROW_FORMAT = Dynamic;

-- ----------------------------
-- Records of edu_comment_article
-- ----------------------------
INSERT INTO `edu_comment_article` VALUES ('1194499162790211585', '1676499481882800129', '1', 'admin', 'https://online-education-chn.oss-cn-beijing.aliyuncs.com/avatar/default.jpg', '文章很好', 0, '2019-11-13 14:16:08', '2019-11-13 14:16:08');
INSERT INTO `edu_comment_article` VALUES ('1194898406466420738', '1676499481882800129', '1', 'admin', 'https://online-education-chn.oss-cn-beijing.aliyuncs.com/avatar/default.jpg', '11', 0, '2019-11-14 16:42:35', '2019-11-14 16:42:35');
INSERT INTO `edu_comment_article` VALUES ('1194898484388200450', '1676499481882800129', '1', 'admin', 'https://online-education-chn.oss-cn-beijing.aliyuncs.com/avatar/default.jpg', '111', 0, '2019-11-14 16:42:53', '2019-11-14 16:42:53');
INSERT INTO `edu_comment_article` VALUES ('1195251020861317122', '1676499481882800129', '1', 'admin', 'https://online-education-chn.oss-cn-beijing.aliyuncs.com/avatar/default.jpg', '2233', 0, '2019-11-15 16:03:45', '2019-11-15 16:03:45');
INSERT INTO `edu_comment_article` VALUES ('1195251382720700418', '1676499481882800129', '1', 'admin', 'https://online-education-chn.oss-cn-beijing.aliyuncs.com/avatar/default.jpg', '4455', 0, '2019-11-15 16:05:11', '2019-11-15 16:05:11');
INSERT INTO `edu_comment_article` VALUES ('1195252819177570306', '1676499481882800129', '1', 'admin', 'https://online-education-chn.oss-cn-beijing.aliyuncs.com/avatar/default.jpg', '55', 0, '2019-11-15 16:10:53', '2019-11-15 16:10:53');
INSERT INTO `edu_comment_article` VALUES ('1195252899448160258', '1676499481882800129', '1', 'admin', 'https://online-education-chn.oss-cn-beijing.aliyuncs.com/avatar/default.jpg', '55', 0, '2019-11-15 16:11:13', '2019-11-15 16:11:13');
INSERT INTO `edu_comment_article` VALUES ('1195252920587452417', '1676499481882800129', '1', 'admin', 'https://online-education-chn.oss-cn-beijing.aliyuncs.com/avatar/default.jpg', '223344', 0, '2019-11-15 16:11:18', '2019-11-15 16:11:18');
INSERT INTO `edu_comment_article` VALUES ('1195262128095559681', '1676499481882800129', '1', 'admin', 'https://online-education-chn.oss-cn-beijing.aliyuncs.com/avatar/default.jpg', '11', 0, '2019-11-15 16:47:53', '2019-11-15 16:47:53');
INSERT INTO `edu_comment_article` VALUES ('1196264505170767874', '1676499481882800129', '1', 'admin', 'https://online-education-chn.oss-cn-beijing.aliyuncs.com/avatar/default.jpg', '666666', 0, '2019-11-18 11:10:58', '2019-11-18 11:10:58');
INSERT INTO `edu_comment_article` VALUES ('1672953131555733506', '1726895226998561848', '1671420875431223297', 'nick', 'https://online-education-chn.oss-cn-beijing.aliyuncs.com/avatar/default.jpg', '测试一下发送评论功能', 0, '2023-06-25 21:01:23', '2023-06-25 21:01:23');
INSERT INTO `edu_comment_article` VALUES ('1672959577122959362', '1726895226998561848', '1671420875431223297', 'nick', 'https://online-education-chn.oss-cn-beijing.aliyuncs.com/avatar/default.jpg', '加一', 0, '2023-06-25 21:27:00', '2023-06-25 21:27:00');
INSERT INTO `edu_comment_article` VALUES ('1672959577122959363', '1676499481882800129', '1671420875431223297', 'nick', 'https://online-education-chn.oss-cn-beijing.aliyuncs.com/avatar/default.jpg', '加一', 0, '2023-06-25 21:27:00', '2023-06-25 21:27:00');
INSERT INTO `edu_comment_article` VALUES ('1673195747018838018', '1676499481882800129', '1671420875431223297', 'nick', 'https://online-education-chn.oss-cn-beijing.aliyuncs.com/avatar/default.jpg', '在此测试', 0, '2023-06-26 13:05:27', '2023-06-26 13:05:27');
INSERT INTO `edu_comment_article` VALUES ('1673200210517463042', '1676499481882800129', '1671420875431223297', 'nick', 'https://online-education-chn.oss-cn-beijing.aliyuncs.com/avatar/default.jpg', '2', 0, '2023-06-26 13:23:11', '2023-06-26 13:23:11');
INSERT INTO `edu_comment_article` VALUES ('1673530083731636225', '1676499481882800129', '1671420875431223297', 'nick', 'https://online-education-chn.oss-cn-beijing.aliyuncs.com/avatar/default.jpg', '测试', 0, '2023-06-27 11:13:59', '2023-06-27 11:13:59');
INSERT INTO `edu_comment_article` VALUES ('1673531665676263426', '1676499481882800129', '1671420875431223297', 'nick', 'https://online-education-chn.oss-cn-beijing.aliyuncs.com/avatar/default.jpg', '评论', 0, '2023-06-27 11:20:16', '2023-06-27 11:20:16');
INSERT INTO `edu_comment_article` VALUES ('1673532581028585473', '1676499481882800129', '1671420875431223297', 'nick', 'https://online-education-chn.oss-cn-beijing.aliyuncs.com/avatar/default.jpg', '写评论', 0, '2023-06-27 11:23:55', '2023-06-27 11:23:55');
INSERT INTO `edu_comment_article` VALUES ('1728403625748783106', '1676499481882800129', '1671420875431223297', 'nick', 'https://online-education-chn.oss-cn-beijing.aliyuncs.com/avatar/default.jpg', '测试文章评论功能', 0, '2023-11-25 21:21:51', '2023-11-25 21:21:51');

-- ----------------------------
-- Table structure for edu_course
-- ----------------------------
DROP TABLE IF EXISTS `edu_course`;
CREATE TABLE `edu_course`  (
  `id` char(19) CHARACTER SET utf8mb4 COLLATE utf8mb4_general_ci NOT NULL COMMENT '课程ID',
  `teacher_id` char(19) CHARACTER SET utf8mb4 COLLATE utf8mb4_general_ci NOT NULL COMMENT '课程讲师ID',
  `subject_id` char(19) CHARACTER SET utf8mb4 COLLATE utf8mb4_general_ci NOT NULL COMMENT '课程专业ID',
  `subject_parent_id` char(19) CHARACTER SET utf8mb4 COLLATE utf8mb4_general_ci NULL DEFAULT NULL COMMENT '课程专业父级ID',
  `title` varchar(50) CHARACTER SET utf8mb4 COLLATE utf8mb4_general_ci NOT NULL COMMENT '课程标题',
  `price` decimal(10, 2) UNSIGNED NOT NULL DEFAULT 0.00 COMMENT '课程销售价格，设置为0则可免费观看',
  `lesson_num` int(10) UNSIGNED NOT NULL DEFAULT 0 COMMENT '总课时',
  `cover` varchar(255) CHARACTER SET utf8 COLLATE utf8_general_ci NOT NULL COMMENT '课程封面图片路径',
  `buy_count` bigint(10) UNSIGNED NOT NULL DEFAULT 0 COMMENT '销售数量',
  `view_count` bigint(10) UNSIGNED NOT NULL DEFAULT 0 COMMENT '浏览数量',
  `version` bigint(20) UNSIGNED NOT NULL DEFAULT 1 COMMENT '乐观锁',
  `status` varchar(10) CHARACTER SET utf8mb4 COLLATE utf8mb4_general_ci NOT NULL DEFAULT 'Draft' COMMENT '课程状态 Draft未发布  Normal已发布',
  `is_deleted` tinyint(3) NOT NULL DEFAULT 0 COMMENT '逻辑删除 1（true）已删除， 0（false）未删除',
  `gmt_create` datetime(0) NOT NULL COMMENT '创建时间',
  `gmt_modified` datetime(0) NOT NULL COMMENT '更新时间',
  PRIMARY KEY (`id`) USING BTREE,
  INDEX `idx_title`(`title`) USING BTREE,
  INDEX `idx_subject_id`(`subject_id`) USING BTREE,
  INDEX `idx_teacher_id`(`teacher_id`) USING BTREE
) ENGINE = InnoDB CHARACTER SET = utf8mb4 COLLATE = utf8mb4_general_ci COMMENT = '课程' ROW_FORMAT = Compact;

-- ----------------------------
-- Records of edu_course
-- ----------------------------
INSERT INTO `edu_course` VALUES ('1192252213659774977', '1189389726308478977', '1178214681626079234', '1178214681613496321', 'java基础课程：test', 0.01, 2, 'https://online-education-chn.oss-cn-beijing.aliyuncs.com/cover/default2.jpg', 4, 519, 1, 'Normal', 0, '2019-11-07 09:27:33', '2023-07-09 18:25:38');
INSERT INTO `edu_course` VALUES ('14', '1189389726308478977', '1178585108454121473', '1178214681181483010', 'XHTML CSS2 JS整站制作教程课程学习', 0.00, 3, 'http://online-education-chn.oss-cn-beijing.aliyuncs.com/cover/2023/07/02/542e5e60fb12448e933b03f8b981d7cd.jpg', 3, 72, 15, 'Normal', 0, '2018-04-02 18:33:34', '2023-11-22 08:38:18');
INSERT INTO `edu_course` VALUES ('15', '1189389726308478977', '1178585108454121473', '1178214681181483010', 'HTML5入门课程学习', 0.00, 23, 'http://online-education-chn.oss-cn-beijing.aliyuncs.com/cover/2023/07/02/13549fb7c61a4c2aa0080f680792f629.jpg', 9, 62, 17, 'Normal', 0, '2018-04-02 18:34:32', '2023-07-08 20:10:49');
INSERT INTO `edu_course` VALUES ('1667817396523610113', '1189389726308478977', '1675503357529247746', '1178214681613496321', 'C程序设计', 0.01, 20, 'http://online-education-chn.oss-cn-beijing.aliyuncs.com/cover/2023/07/02/88011a5150924492b61a1e93bec6467c.jpeg', 5, 402, 1, 'Normal', 0, '2023-06-11 16:53:49', '2023-07-08 21:42:38');
INSERT INTO `edu_course` VALUES ('1669542885265063937', '1189389726308478977', '1178585108407984130', '1178214681118568449', 'SSM框架教程', 0.01, 15, 'http://online-education-chn.oss-cn-beijing.aliyuncs.com/cover/2023/07/02/1097a2637cfc493ab52dceb0d57cc350.jpeg', 6, 0, 1, 'Normal', 0, '2023-06-16 11:10:17', '2023-07-02 22:32:11');
INSERT INTO `edu_course` VALUES ('1669552428090998786', '1189389726308478977', '1667050357282312194', '1178214681118568449', 'SpringBoot框架', 0.01, 30, 'http://online-education-chn.oss-cn-beijing.aliyuncs.com/cover/2023/07/02/709b1117abc14e759d7d68ed1ce93919.jpg', 8, 300, 1, 'Normal', 0, '2023-06-16 11:48:12', '2023-07-02 22:40:39');
INSERT INTO `edu_course` VALUES ('1670698487768952833', '1189390295668469762', '1178214681428946945', '1178214681399586817', '数据库概论', 0.01, 1, 'http://online-education-chn.oss-cn-beijing.aliyuncs.com/cover/2023/07/02/9e185788ede34f38b9f22286b05e08d2.jpg', 664, 4, 1, 'Normal', 0, '2023-06-19 15:42:14', '2023-07-07 22:31:41');
INSERT INTO `edu_course` VALUES ('1672483700106883074', '1', '1675503357277589505', '1675503357260812289', '数据结构与算法', 0.01, 20, 'http://online-education-chn.oss-cn-beijing.aliyuncs.com/cover/2023/07/02/b67f639a877344ed980244c2eb5e4b5f.jpg', 7, 40, 1, 'Normal', 0, '2023-06-24 13:56:02', '2023-07-07 11:47:33');
INSERT INTO `edu_course` VALUES ('1675449343588454401', '1', '1178214681504444418', '1178214681483472898', 'Hadoop权威指南', 2.00, 20, 'http://online-education-chn.oss-cn-beijing.aliyuncs.com/cover/2023/07/03/b11fc8a8f72947db8ba186021b80945d.jpg', 10, 100, 1, 'Normal', 0, '2023-07-02 18:20:27', '2023-07-03 10:57:51');
INSERT INTO `edu_course` VALUES ('1675500244395184130', '1', '1675503357512470530', '1178214681613496321', 'Python程序设计', 1.00, 1, 'http://online-education-chn.oss-cn-beijing.aliyuncs.com/cover/2023/07/03/e00a257d387645c483e24f4345d46f1b.jpg', 3, 203, 1, 'Normal', 0, '2023-07-02 21:42:42', '2023-07-07 17:28:07');
INSERT INTO `edu_course` VALUES ('1675508022841004034', '1189390295668469762', '1675503357495693313', '1675503357462138882', '深度学习', 1.00, 20, 'http://online-education-chn.oss-cn-beijing.aliyuncs.com/cover/2023/07/02/c6023d42b5164ed889288ab93a665a48.jpg', 3, 620, 1, 'Normal', 0, '2023-07-02 22:13:37', '2023-07-02 22:40:21');
INSERT INTO `edu_course` VALUES ('18', '1189389726308478977', '1178214681626079234', '1178214681613496321', 'Java精品课程', 0.01, 20, 'http://online-education-chn.oss-cn-beijing.aliyuncs.com/cover/2023/07/02/71595b83dcb64b489625b3dda932c04c.jpg', 151, 751, 6, 'Normal', 0, '2018-04-02 21:28:46', '2023-07-02 22:53:28');

-- ----------------------------
-- Table structure for edu_course_collect
-- ----------------------------
DROP TABLE IF EXISTS `edu_course_collect`;
CREATE TABLE `edu_course_collect`  (
  `id` char(19) CHARACTER SET utf8mb4 COLLATE utf8mb4_general_ci NOT NULL COMMENT '收藏ID',
  `course_id` char(19) CHARACTER SET utf8mb4 COLLATE utf8mb4_general_ci NOT NULL COMMENT '课程讲师ID',
  `member_id` char(19) CHARACTER SET utf8mb4 COLLATE utf8mb4_general_ci NOT NULL DEFAULT '' COMMENT '课程专业ID',
  `is_deleted` tinyint(3) NOT NULL DEFAULT 0 COMMENT '逻辑删除 1（true）已删除， 0（false）未删除',
  `gmt_create` datetime(0) NOT NULL COMMENT '创建时间',
  `gmt_modified` datetime(0) NOT NULL COMMENT '更新时间',
  PRIMARY KEY (`id`) USING BTREE
) ENGINE = InnoDB CHARACTER SET = utf8mb4 COLLATE = utf8mb4_general_ci COMMENT = '课程收藏' ROW_FORMAT = Compact;

-- ----------------------------
-- Records of edu_course_collect
-- ----------------------------
INSERT INTO `edu_course_collect` VALUES ('1196269345666019330', '1192252213659774977', '1', 1, '2019-11-18 11:30:12', '2019-11-18 11:30:12');

-- ----------------------------
-- Table structure for edu_course_description
-- ----------------------------
DROP TABLE IF EXISTS `edu_course_description`;
CREATE TABLE `edu_course_description`  (
  `id` char(19) CHARACTER SET utf8mb4 COLLATE utf8mb4_general_ci NOT NULL COMMENT '课程ID',
  `description` text CHARACTER SET utf8mb4 COLLATE utf8mb4_general_ci NULL COMMENT '课程简介',
  `gmt_create` datetime(0) NOT NULL COMMENT '创建时间',
  `gmt_modified` datetime(0) NOT NULL COMMENT '更新时间',
  PRIMARY KEY (`id`) USING BTREE
) ENGINE = InnoDB CHARACTER SET = utf8mb4 COLLATE = utf8mb4_general_ci COMMENT = '课程简介' ROW_FORMAT = Dynamic;

-- ----------------------------
-- Records of edu_course_description
-- ----------------------------
INSERT INTO `edu_course_description` VALUES ('1192252213659774977', '<p>测试</p>', '2019-11-07 09:27:33', '2023-07-02 22:00:55');
INSERT INTO `edu_course_description` VALUES ('14', '', '2019-03-13 06:04:43', '2023-07-02 22:54:26');
INSERT INTO `edu_course_description` VALUES ('15', '', '2019-03-13 06:03:33', '2023-07-02 22:54:02');
INSERT INTO `edu_course_description` VALUES ('1667817396523610113', '<p>计算机大一新生的噩梦：C语言</p>', '2023-06-11 16:53:49', '2023-07-02 22:34:35');
INSERT INTO `edu_course_description` VALUES ('1669542885265063937', '<p>Mybatis+Spring+SpringMVC框架。</p>', '2023-06-16 11:10:17', '2023-07-02 22:32:11');
INSERT INTO `edu_course_description` VALUES ('1669552428090998786', '<p><span class=\"desc-info-text\" data-v-1d530b8d=\"\">Spring Boot是一个基于Spring的套件，它帮我们预组装了Spring的一系列组件，以便以尽可能少的代码和配置来开发基于Spring的Java应用程序。</span></p>\n<p><span class=\"desc-info-text\" data-v-1d530b8d=\"\">本课程从初识SpringBoot，再到数据库连接，然后进入web开发，原理探究，同时集成一些常用的框架，由易到难，层层递进。</span></p>', '2023-06-16 11:48:12', '2023-07-02 22:40:33');
INSERT INTO `edu_course_description` VALUES ('1670698487768952833', '<p>数据库系统</p>', '2023-06-19 15:42:14', '2023-07-02 22:53:41');
INSERT INTO `edu_course_description` VALUES ('1672483700106883074', '<p>算法课，软件开发者的重中之重</p>', '2023-06-24 13:56:02', '2023-07-02 22:48:24');
INSERT INTO `edu_course_description` VALUES ('1675449343588454401', '<p>一门课学会Hadoop。</p>', '2023-07-02 18:25:23', '2023-07-03 10:57:01');
INSERT INTO `edu_course_description` VALUES ('1675500244395184130', '<p>一门广泛应用于网络爬虫、数据挖掘、机器学习、AI、计算机视觉与图像处理、模式识别的编程语言</p>', '2023-07-02 21:42:42', '2023-07-03 17:23:15');
INSERT INTO `edu_course_description` VALUES ('1675508022841004034', '<p>深度学习，AI中的基础课程</p>', '2023-07-02 22:13:37', '2023-07-02 22:39:52');
INSERT INTO `edu_course_description` VALUES ('18', '<p>本套Java视频完全针对零基础学员，课堂实录，自发布以来，好评如潮！Java视频中注重与学生互动，讲授幽默诙谐、细致入微，覆盖Java基础所有核心知识点，同类Java视频中也是代码量大、案例多、实战性强的。同时，本Java视频教程注重技术原理剖析，深入JDK源码，辅以代码实战贯穿始终，用实践驱动理论，并辅以必要的代码练习。</p>\n<p>------------------------------------</p>\n<p>视频特点：</p>\n<p>通过学习本Java视频教程，大家能够真正将Java基础知识学以致用、活学活用，构架Java编程思想，牢牢掌握\"源码级\"的Javase核心技术，并为后续JavaWeb等技术的学习奠定扎实基础。<br /><br />1.通俗易懂，细致入微：每个知识点高屋建瓴，深入浅出，简洁明了的说明问题<br />2.具实战性：全程真正代码实战，涵盖上百个企业应用案例及练习<br />3.深入：源码分析，更有 Java 反射、动态代理的实际应用等<br />4.登录尚硅谷官网，技术讲师免费在线答疑</p>', '2019-03-06 18:06:36', '2023-07-02 22:53:21');

-- ----------------------------
-- Table structure for edu_subject
-- ----------------------------
DROP TABLE IF EXISTS `edu_subject`;
CREATE TABLE `edu_subject`  (
  `id` char(19) CHARACTER SET utf8mb4 COLLATE utf8mb4_general_ci NOT NULL COMMENT '课程类别ID',
  `title` varchar(10) CHARACTER SET utf8mb4 COLLATE utf8mb4_general_ci NOT NULL COMMENT '类别名称',
  `parent_id` char(19) CHARACTER SET utf8mb4 COLLATE utf8mb4_general_ci NOT NULL DEFAULT '0' COMMENT '父ID',
  `sort` int(10) UNSIGNED NOT NULL DEFAULT 0 COMMENT '排序字段',
  `gmt_create` datetime(0) NOT NULL COMMENT '创建时间',
  `gmt_modified` datetime(0) NOT NULL COMMENT '更新时间',
  PRIMARY KEY (`id`) USING BTREE,
  INDEX `idx_parent_id`(`parent_id`) USING BTREE
) ENGINE = InnoDB CHARACTER SET = utf8mb4 COLLATE = utf8mb4_general_ci COMMENT = '课程科目' ROW_FORMAT = Compact;

-- ----------------------------
-- Records of edu_subject
-- ----------------------------
INSERT INTO `edu_subject` VALUES ('1178214681118568449', '后端开发', '0', 1, '2019-09-29 15:47:25', '2019-09-29 15:47:25');
INSERT INTO `edu_subject` VALUES ('1178214681139539969', 'JavaWeb', '1178214681118568449', 1, '2019-09-29 15:47:25', '2019-09-29 15:47:25');
INSERT INTO `edu_subject` VALUES ('1178214681181483010', '前端开发', '0', 3, '2019-09-29 15:47:25', '2019-09-29 15:47:25');
INSERT INTO `edu_subject` VALUES ('1178214681210843137', 'JavaScript', '1178214681181483010', 4, '2019-09-29 15:47:25', '2019-09-29 15:47:25');
INSERT INTO `edu_subject` VALUES ('1178214681231814658', '云计算', '0', 5, '2019-09-29 15:47:25', '2019-09-29 15:47:25');
INSERT INTO `edu_subject` VALUES ('1178214681252786178', 'Docker', '1178214681231814658', 5, '2019-09-29 15:47:25', '2019-09-29 15:47:25');
INSERT INTO `edu_subject` VALUES ('1178214681294729217', 'Linux', '1178214681231814658', 6, '2019-09-29 15:47:25', '2019-09-29 15:47:25');
INSERT INTO `edu_subject` VALUES ('1178214681324089345', '系统/运维', '0', 7, '2019-09-29 15:47:25', '2019-09-29 15:47:25');
INSERT INTO `edu_subject` VALUES ('1178214681353449473', 'Linux', '1178214681324089345', 7, '2019-09-29 15:47:25', '2019-09-29 15:47:25');
INSERT INTO `edu_subject` VALUES ('1178214681382809602', 'Windows', '1178214681324089345', 8, '2019-09-29 15:47:25', '2019-09-29 15:47:25');
INSERT INTO `edu_subject` VALUES ('1178214681399586817', '数据库', '0', 9, '2019-09-29 15:47:25', '2019-09-29 15:47:25');
INSERT INTO `edu_subject` VALUES ('1178214681428946945', 'MySQL', '1178214681399586817', 9, '2019-09-29 15:47:25', '2019-09-29 15:47:25');
INSERT INTO `edu_subject` VALUES ('1178214681454112770', 'MongoDB', '1178214681399586817', 10, '2019-09-29 15:47:25', '2019-09-29 15:47:25');
INSERT INTO `edu_subject` VALUES ('1178214681483472898', '大数据开发', '0', 11, '2019-09-29 15:47:25', '2019-09-29 15:47:25');
INSERT INTO `edu_subject` VALUES ('1178214681504444418', 'Hadoop', '1178214681483472898', 11, '2019-09-29 15:47:25', '2019-09-29 15:47:25');
INSERT INTO `edu_subject` VALUES ('1178214681529610242', 'Spark', '1178214681483472898', 12, '2019-09-29 15:47:25', '2019-09-29 15:47:25');
INSERT INTO `edu_subject` VALUES ('1178214681554776066', '人工智能', '0', 13, '2019-09-29 15:47:25', '2019-09-29 15:47:25');
INSERT INTO `edu_subject` VALUES ('1178214681584136193', 'Python', '1178214681554776066', 13, '2019-09-29 15:47:25', '2019-09-29 15:47:25');
INSERT INTO `edu_subject` VALUES ('1178214681613496321', '编程语言', '0', 14, '2019-09-29 15:47:25', '2019-09-29 15:47:25');
INSERT INTO `edu_subject` VALUES ('1178214681626079234', 'Java程序设计', '1178214681613496321', 14, '2019-09-29 15:47:25', '2019-09-29 15:47:25');
INSERT INTO `edu_subject` VALUES ('1178585108407984130', 'SSM框架', '1178214681118568449', 2, '2019-09-30 16:19:22', '2019-09-30 16:19:22');
INSERT INTO `edu_subject` VALUES ('1178585108454121473', 'HTML/CSS', '1178214681181483010', 3, '2019-09-30 16:19:22', '2019-09-30 16:19:22');
INSERT INTO `edu_subject` VALUES ('1667050357202620417', 'Vue', '1178214681181483010', 0, '2023-06-09 14:05:52', '2023-06-09 14:05:52');
INSERT INTO `edu_subject` VALUES ('1667050357219397634', 'jQuery', '1178214681181483010', 0, '2023-06-09 14:05:52', '2023-06-09 14:05:52');
INSERT INTO `edu_subject` VALUES ('1667050357282312194', 'SpringBoot', '1178214681118568449', 0, '2023-06-09 14:05:52', '2023-06-09 14:05:52');
INSERT INTO `edu_subject` VALUES ('1675503357260812289', '计算机学科基础', '0', 0, '2023-07-02 21:55:04', '2023-07-02 21:55:04');
INSERT INTO `edu_subject` VALUES ('1675503357277589505', '数据结构与算法', '1675503357260812289', 0, '2023-07-02 21:55:04', '2023-07-02 21:55:04');
INSERT INTO `edu_subject` VALUES ('1675503357294366722', '计算机网络', '1675503357260812289', 0, '2023-07-02 21:55:04', '2023-07-02 21:55:04');
INSERT INTO `edu_subject` VALUES ('1675503357327921154', '计算机组成原理', '1675503357260812289', 0, '2023-07-02 21:55:04', '2023-07-02 21:55:04');
INSERT INTO `edu_subject` VALUES ('1675503357344698370', '操作系统', '1675503357260812289', 0, '2023-07-02 21:55:04', '2023-07-02 21:55:04');
INSERT INTO `edu_subject` VALUES ('1675503357357281282', '数学', '0', 0, '2023-07-02 21:55:04', '2023-07-02 21:55:04');
INSERT INTO `edu_subject` VALUES ('1675503357382447106', '高等数学', '1675503357357281282', 0, '2023-07-02 21:55:04', '2023-07-02 21:55:04');
INSERT INTO `edu_subject` VALUES ('1675503357399224321', '线性代数', '1675503357357281282', 0, '2023-07-02 21:55:04', '2023-07-02 21:55:04');
INSERT INTO `edu_subject` VALUES ('1675503357432778753', '概率论与数理统计', '1675503357357281282', 0, '2023-07-02 21:55:04', '2023-07-02 21:55:04');
INSERT INTO `edu_subject` VALUES ('1675503357445361665', '数值分析', '1675503357357281282', 0, '2023-07-02 21:55:04', '2023-07-02 21:55:04');
INSERT INTO `edu_subject` VALUES ('1675503357462138882', '机器学习', '0', 0, '2023-07-02 21:55:04', '2023-07-02 21:55:04');
INSERT INTO `edu_subject` VALUES ('1675503357495693313', '深度学习', '1675503357462138882', 0, '2023-07-02 21:55:04', '2023-07-02 21:55:04');
INSERT INTO `edu_subject` VALUES ('1675503357512470530', 'Python程序设计', '1178214681613496321', 0, '2023-07-02 21:55:04', '2023-07-02 21:55:04');
INSERT INTO `edu_subject` VALUES ('1675503357529247746', 'C程序设计', '1178214681613496321', 0, '2023-07-02 21:55:04', '2023-07-02 21:55:04');
INSERT INTO `edu_subject` VALUES ('1675503357546024961', 'C++程序设计', '1178214681613496321', 0, '2023-07-02 21:55:04', '2023-07-02 21:55:04');
INSERT INTO `edu_subject` VALUES ('1675503357575385090', '机器学习', '1675503357462138882', 0, '2023-07-02 21:55:04', '2023-07-02 21:55:04');
INSERT INTO `edu_subject` VALUES ('1675503357592162305', '人工智能', '1675503357462138882', 0, '2023-07-02 21:55:04', '2023-07-02 21:55:04');
INSERT INTO `edu_subject` VALUES ('1675503357617328130', '计算机视觉与图像处理', '1675503357462138882', 0, '2023-07-02 21:55:04', '2023-07-02 21:55:04');

-- ----------------------------
-- Table structure for edu_teacher
-- ----------------------------
DROP TABLE IF EXISTS `edu_teacher`;
CREATE TABLE `edu_teacher`  (
  `id` char(19) CHARACTER SET utf8mb4 COLLATE utf8mb4_general_ci NOT NULL COMMENT '讲师ID',
  `name` varchar(20) CHARACTER SET utf8mb4 COLLATE utf8mb4_general_ci NOT NULL COMMENT '讲师姓名',
  `intro` varchar(500) CHARACTER SET utf8mb4 COLLATE utf8mb4_general_ci NOT NULL DEFAULT '' COMMENT '讲师简介',
  `career` varchar(500) CHARACTER SET utf8mb4 COLLATE utf8mb4_general_ci NULL DEFAULT NULL COMMENT '讲师资历,一句话说明讲师',
  `level` int(10) UNSIGNED NOT NULL COMMENT '头衔 1高级讲师 2首席讲师',
  `avatar` varchar(255) CHARACTER SET utf8mb4 COLLATE utf8mb4_general_ci NULL DEFAULT NULL COMMENT '讲师头像',
  `sort` int(10) UNSIGNED NOT NULL DEFAULT 0 COMMENT '排序',
  `is_deleted` tinyint(1) UNSIGNED NOT NULL DEFAULT 0 COMMENT '逻辑删除 1（true）已删除， 0（false）未删除',
  `gmt_create` datetime(0) NOT NULL COMMENT '创建时间',
  `gmt_modified` datetime(0) NOT NULL COMMENT '更新时间',
  PRIMARY KEY (`id`) USING BTREE,
  UNIQUE INDEX `uk_name`(`name`) USING BTREE
) ENGINE = InnoDB CHARACTER SET = utf8mb4 COLLATE = utf8mb4_general_ci COMMENT = '讲师' ROW_FORMAT = Dynamic;

-- ----------------------------
-- Records of edu_teacher
-- ----------------------------
INSERT INTO `edu_teacher` VALUES ('1', '刘渊', '近年主持国家自然科学基金（6项）、江苏省重大科技成果转化项目（5项）、江苏省产学研前瞻性联合研究项目（3项）、省工业科技支撑、省高技术、省自然科学基金等省部级及其企业的主要科研项目40多个，多个项目在企业成功转化，产生了较好的经济、社会和环境效益。积极开展产学研科技合作，并与省内16家企业建立了江苏省研究生工作站，其中6家为江苏省优秀研究生工作站', '高级', 1, 'http://online-education-chn.oss-cn-beijing.aliyuncs.com/avatar/2023/07/03/2d2b52734407414f84ae0c67e7eae0c6.png', 10, 0, '2019-10-30 14:18:46', '2023-07-03 14:01:09');
INSERT INTO `edu_teacher` VALUES ('1189389726308478977', '晴天', '才华教育高级讲师', '高级讲师', 2, 'http://online-education-chn.oss-cn-beijing.aliyuncs.com/avatar/2023/07/03/70479ee5c4464b6d8f2cc646ef1511e7.png', 5, 0, '2019-10-30 11:53:03', '2023-07-03 13:59:50');
INSERT INTO `edu_teacher` VALUES ('1189390295668469762', '李刚', '高级讲师简介', '高级讲师', 2, 'http://online-education-chn.oss-cn-beijing.aliyuncs.com/avatar/2023/07/03/a3f9fbe898214bbaac1bbc85b3759e65.png', 6, 0, '2019-10-30 11:55:19', '2023-07-03 14:05:40');
INSERT INTO `edu_teacher` VALUES ('1189426437876985857', '杰夫·迪恩', '高级讲师简介', '高级讲师', 1, 'http://online-education-chn.oss-cn-beijing.aliyuncs.com/avatar/2023/07/03/b2b8a32eafe44effae22c933f713f206.png', 7, 0, '2019-10-30 14:18:56', '2023-07-03 14:04:43');
INSERT INTO `edu_teacher` VALUES ('1189426464967995393', '谭浩强', 'C程序设计书籍作者', 'C程序设计书籍作者', 1, 'http://online-education-chn.oss-cn-beijing.aliyuncs.com/avatar/2023/07/03/4766b2d8b0f547edb579da75fe46bae1.png', 8, 0, '2019-10-30 14:19:02', '2023-07-03 13:57:57');
INSERT INTO `edu_teacher` VALUES ('1192249914833055746', '李永乐', '全国著名考研数学线性代数辅导专家，清华大学应用数学系，现清华大学数学科学系教授，北京高教学会数学研究会副理事长。', '全国著名考研数学线性代数辅导专家', 1, 'http://online-education-chn.oss-cn-beijing.aliyuncs.com/avatar/2023/07/03/d6759d983a664e1ba42b218b98fe8135.png', 9, 0, '2019-11-07 09:18:25', '2023-07-03 13:54:12');
INSERT INTO `edu_teacher` VALUES ('1192327476087115778', '张宇', '《考研数学高等数学18讲》 、《考研数学题源探析经典1000题》的作者', '高数讲师', 1, 'http://online-education-chn.oss-cn-beijing.aliyuncs.com/avatar/2023/07/03/efb3f38ed098464cbfea185ea71f9cb8.png', 4, 0, '2019-11-07 14:26:37', '2023-07-03 13:50:30');
INSERT INTO `edu_teacher` VALUES ('1195337453429129218', '克劳德·香农', '1948年，香农发表了划时代的论文——《通信的数学理论》，奠定了现代信息论的基础。不仅如此，香农还被认为是数字计算机理论和数字电路设计理论的创始人。1937年，21岁的香农是麻省理工学院的硕士研究生，他在其硕士论文中提出，将布尔代数应用于电子领域，能够构建并解决任何逻辑和数值关系，被誉为有史以来最具水平的硕士论文之一。', '密歇根大学学士，麻省理工学院博士', 2, 'http://online-education-chn.oss-cn-beijing.aliyuncs.com/avatar/2023/07/03/ba7eeb6d68f84792baf2044378573379.png', 11, 0, '2019-11-15 21:47:12', '2023-07-03 13:48:47');
INSERT INTO `edu_teacher` VALUES ('1354578192540381339', '艾伦·麦席森·图灵', '被誉为计算机科学与人工智能之父', '被誉为计算机科学与人工智能之父', 2, 'http://online-education-chn.oss-cn-beijing.aliyuncs.com/avatar/2023/07/03/39fa1ef4ac8448929b8cd4f18daa008a.png', 12, 0, '2022-03-12 19:47:37', '2023-07-03 13:37:56');
INSERT INTO `edu_teacher` VALUES ('1664538043849121793', '埃达·洛夫莱斯', '史上第一位程序员', '史上第一位程序员', 2, 'http://online-education-chn.oss-cn-beijing.aliyuncs.com/avatar/2023/07/03/d01091cde47b4bafbaa90521d1f9160c.png', 13, 0, '2020-10-30 16:58:44', '2023-07-03 13:43:18');
INSERT INTO `edu_teacher` VALUES ('1666006371398651905', '艾兹赫尔·韦伯·迪杰斯特拉', '曾在1972年获得图灵奖，1974年获得AFIPS Harry Goode Memorial Award、1989年ACM SIGCSE计算机科学教育教学杰出贡献奖', '提出了迪杰特斯拉算法', 2, 'http://online-education-chn.oss-cn-beijing.aliyuncs.com/avatar/2023/07/03/ffff69bb9cbf4de0a145be8e49eb81ef.png', 14, 0, '2020-10-30 16:58:44', '2023-07-03 13:29:51');
INSERT INTO `edu_teacher` VALUES ('1666006694804656130', '嘉文四世', '言语也许能淬炼出统治者，但只有行动才能造就历史。', '德玛西亚皇子', 1, 'http://online-education-chn.oss-cn-beijing.aliyuncs.com/avatar/2023/07/03/a50c7697e4eb4aeb909f13ffeb9972be.png', 2, 0, '2020-10-30 16:58:44', '2023-07-03 13:32:59');
INSERT INTO `edu_teacher` VALUES ('1666009874988834817', '冯诺依曼', '理论计算机科学与博弈论的奠基者，在泛函分析、遍历理论、几何学、拓扑学和数值分析等众多数学领域及计算机科学、量子力学和经济学中都有重大贡献', '冯诺依曼结构提出者', 2, 'http://online-education-chn.oss-cn-beijing.aliyuncs.com/avatar/2023/07/03/c66dd57124114f5c9e7c1a67fc355ff6.png', 3, 0, '2023-06-06 17:11:22', '2023-07-03 13:39:45');
INSERT INTO `edu_teacher` VALUES ('1666055187430678530', '林纳斯', 'Talk is cheap,show me your code.', 'Linux系统开发者', 2, 'http://online-education-chn.oss-cn-beijing.aliyuncs.com/avatar/2023/07/03/a6c4522bbbc5472caf25abc6d32b3e21.png', 1, 0, '2023-06-06 20:11:25', '2023-07-03 13:26:57');
INSERT INTO `edu_teacher` VALUES ('1666321032240520306', '赵四', '象牙山舞王', '象牙山舞王', 1, 'http://online-education-chn.oss-cn-beijing.aliyuncs.com/avatar/2023/07/03/378ccbdc767743379581b7188f04fad9.png', 16, 0, '2020-06-01 17:16:15', '2023-07-03 13:43:28');
INSERT INTO `edu_teacher` VALUES ('1666442533154148353', '测试头像', '偷袭', '头像', 2, 'http://online-education-chn.oss-cn-beijing.aliyuncs.com/avatar/2023/06/07/4d29efeec41f4b31977899609c9fd9ab.png', 20, 0, '2023-06-07 21:50:36', '2023-06-07 21:50:36');
INSERT INTO `edu_teacher` VALUES ('1668600908654702594', '赤红', '拳打坂本脚踢青绿', '关都地区冠军', 2, 'http://online-education-chn.oss-cn-beijing.aliyuncs.com/avatar/2023/07/03/9afd9d1295a44fb6aca371e53f3ec3f6.png', 12, 0, '2023-06-13 20:47:12', '2023-07-03 12:36:38');
INSERT INTO `edu_teacher` VALUES ('1670337839599976449', '易大师', '无极之道', '无极剑圣', 1, 'http://online-education-chn.oss-cn-beijing.aliyuncs.com/avatar/2023/11/25/7c15f91111824b519a459853b7a4c162.png', 10, 0, '2023-06-18 15:49:09', '2023-11-25 01:00:36');

-- ----------------------------
-- Table structure for edu_video
-- ----------------------------
DROP TABLE IF EXISTS `edu_video`;
CREATE TABLE `edu_video`  (
  `id` char(19) CHARACTER SET utf8mb4 COLLATE utf8mb4_general_ci NOT NULL COMMENT '视频ID',
  `course_id` char(19) CHARACTER SET utf8mb4 COLLATE utf8mb4_general_ci NOT NULL COMMENT '课程ID',
  `chapter_id` char(19) CHARACTER SET utf8mb4 COLLATE utf8mb4_general_ci NOT NULL COMMENT '章节ID',
  `title` varchar(50) CHARACTER SET utf8mb4 COLLATE utf8mb4_general_ci NOT NULL COMMENT '节点名称',
  `video_source_id` varchar(100) CHARACTER SET utf8mb4 COLLATE utf8mb4_general_ci NULL DEFAULT NULL COMMENT '云端视频资源',
  `video_original_name` varchar(100) CHARACTER SET utf8mb4 COLLATE utf8mb4_general_ci NULL DEFAULT NULL COMMENT '原始文件名称',
  `sort` int(10) UNSIGNED NOT NULL DEFAULT 0 COMMENT '排序字段',
  `play_count` bigint(20) UNSIGNED NOT NULL DEFAULT 0 COMMENT '播放次数',
  `is_free` tinyint(1) UNSIGNED NOT NULL DEFAULT 0 COMMENT '是否可以试听：0收费 1免费',
  `duration` float NOT NULL DEFAULT 0 COMMENT '视频时长（秒）',
  `status` varchar(20) CHARACTER SET utf8mb4 COLLATE utf8mb4_general_ci NOT NULL DEFAULT 'Empty' COMMENT 'Empty未上传 Transcoding转码中  Normal正常',
  `size` bigint(20) UNSIGNED NOT NULL DEFAULT 0 COMMENT '视频源文件大小（字节）',
  `version` bigint(20) UNSIGNED NOT NULL DEFAULT 1 COMMENT '乐观锁',
  `gmt_create` datetime(0) NOT NULL COMMENT '创建时间',
  `gmt_modified` datetime(0) NOT NULL COMMENT '更新时间',
  PRIMARY KEY (`id`) USING BTREE,
  INDEX `idx_course_id`(`course_id`) USING BTREE,
  INDEX `idx_chapter_id`(`chapter_id`) USING BTREE
) ENGINE = InnoDB CHARACTER SET = utf8mb4 COLLATE = utf8mb4_general_ci COMMENT = '课程视频' ROW_FORMAT = Compact;

-- ----------------------------
-- Records of edu_video
-- ----------------------------
INSERT INTO `edu_video` VALUES ('1182499307429339137', '18', '32', '第一节', '', '', 0, 0, 0, 0, '', 0, 1, '2019-10-11 11:32:59', '2019-10-11 11:57:38');
INSERT INTO `edu_video` VALUES ('1185312444399071234', '14', '1', '12', '', '', 0, 0, 0, 0, 'Empty', 0, 1, '2019-10-19 05:51:23', '2019-10-19 05:51:33');
INSERT INTO `edu_video` VALUES ('1189434737808990210', '18', '44', '测试', '', '', 1, 0, 0, 0, 'Empty', 0, 1, '2019-10-30 14:51:55', '2019-10-30 14:51:55');
INSERT INTO `edu_video` VALUES ('1189471423678939138', '18', '1181729226915577857', 'test', '2b887dc9584d4dc68908780ec57cd3b9', '视频', 1, 0, 0, 0, 'Empty', 0, 1, '2019-10-30 17:17:41', '2019-10-30 17:17:41');
INSERT INTO `edu_video` VALUES ('1189476403626409986', '18', '1181729226915577857', '22', '5155c73dc112475cbbddccf4723f7cef', '视频.mp4', 0, 0, 0, 0, 'Empty', 0, 1, '2019-10-30 17:37:29', '2019-10-30 17:37:29');
INSERT INTO `edu_video` VALUES ('1192252824606289921', '1192252213659774977', '1192252428399751169', '第一课时', '756cf06db9cb4f30be85a9758b19c645', 'eae2b847ef8503b81f5d5593d769dde2.mp4', 0, 0, 0, 0, 'Empty', 0, 1, '2019-11-07 09:29:59', '2019-11-07 09:29:59');
INSERT INTO `edu_video` VALUES ('1192628092797730818', '1192252213659774977', '1192252428399751169', '第二课时', '2a02d726622f4c7089d44cb993c531e1', 'eae2b847ef8503b81f5d5593d769dde2.mp4', 0, 0, 1, 0, 'Empty', 0, 1, '2019-11-08 10:21:10', '2019-11-08 10:21:22');
INSERT INTO `edu_video` VALUES ('1192632495013380097', '1192252213659774977', '1192252428399751169', '第三课时', '4e560c892fdf4fa2b42e0671aa42fa9d', 'eae2b847ef8503b81f5d5593d769dde2.mp4', 0, 0, 1, 0, 'Empty', 0, 1, '2019-11-08 10:38:40', '2019-11-08 10:38:40');
INSERT INTO `edu_video` VALUES ('1194117638832111617', '1192252213659774977', '1192252428399751169', '第四课时', '4e560c892fdf4fa2b42e0671aa42fa9d', 'eae2b847ef8503b81f5d5593d769dde2.mp4', 0, 0, 0, 0, 'Empty', 0, 1, '2019-11-12 13:00:05', '2019-11-12 13:00:05');
INSERT INTO `edu_video` VALUES ('1196263770832023554', '1192252213659774977', '1192252428399751169', '第五课时', '27d21158b0834cb5a8d50710937de330', 'eae2b847ef8503b81f5d5593d769dde2.mp4', 5, 0, 0, 0, 'Empty', 0, 1, '2019-11-18 11:08:03', '2019-11-18 11:08:03');
INSERT INTO `edu_video` VALUES ('1668967708194029569', '1667817396523610113', '1668592152814415873', '第一节 HelloWorld', 'fe94ea600ab371ee8e6f7035d0b20102', NULL, 1, 0, 0, 0, 'Empty', 0, 1, '2023-06-14 21:04:44', '2023-07-02 22:35:03');
INSERT INTO `edu_video` VALUES ('1669552585062825985', '1669552428090998786', '1669552472257019905', '第一节 Spring与SpringMVC回顾', 'ac53ebc00bf871eebfec0675b3ed0102', '6 - What If I Want to Move Faster.mp4', 1, 0, 1, 0, 'Empty', 0, 1, '2023-06-16 11:48:50', '2023-07-02 22:10:34');
INSERT INTO `edu_video` VALUES ('1670337464377540609', '1669542885265063937', '1670337365404549121', '第一节 jdbc回顾', '', '6 - What If I Want to Move Faster.mp4', 0, 0, 0, 0, 'Empty', 0, 1, '2023-06-18 15:47:40', '2023-07-02 22:27:28');
INSERT INTO `edu_video` VALUES ('1672483821011890178', '1672483700106883074', '1672483759783440385', '第一节 数据与结构', '\r\n5b8801800dac71eeb4810764a0ec0102', '6 - What If I Want to Move Faster.mp4', 1, 0, 0, 0, 'Empty', 0, 1, '2023-06-24 13:56:31', '2023-07-02 22:49:00');
INSERT INTO `edu_video` VALUES ('1675506723323990018', '1669552428090998786', '1669552472257019905', '第二节 SpringBoot概论', '', '', 2, 0, 0, 0, 'Empty', 0, 1, '2023-07-02 22:08:27', '2023-07-02 22:18:30');
INSERT INTO `edu_video` VALUES ('1675508202344632322', '1675508022841004034', '1675508147768348674', '第一节 什么是神经网络', '', '', 0, 0, 0, 0, 'Empty', 0, 1, '2023-07-02 22:14:20', '2023-07-02 22:14:20');
INSERT INTO `edu_video` VALUES ('1675508287094738945', '1675508022841004034', '1675508224498946050', '第一节 卷积神经网络', '', '', 0, 0, 0, 0, 'Empty', 0, 1, '2023-07-02 22:14:40', '2023-07-02 22:14:40');
INSERT INTO `edu_video` VALUES ('1675508646101995521', '1675508022841004034', '1675508224498946050', '第二节 神经网络', '', '', 0, 0, 0, 0, 'Empty', 0, 1, '2023-07-02 22:16:05', '2023-07-02 22:16:21');
INSERT INTO `edu_video` VALUES ('1675511351763619841', '1669542885265063937', '1675512018481795074', '第一节 MVC架构', '', '', 1, 0, 0, 0, 'Empty', 0, 1, '2023-07-02 22:26:50', '2023-07-02 22:32:00');
INSERT INTO `edu_video` VALUES ('1675512241086091265', '1669542885265063937', '1670337365404549121', '第二节 MyBatis原理', '', '', 1, 0, 0, 0, 'Empty', 0, 1, '2023-07-02 22:30:22', '2023-07-02 22:30:22');
INSERT INTO `edu_video` VALUES ('1675512285273083905', '1669542885265063937', '1670337365404549121', '第三节 MyBatis操作', '', '', 0, 0, 0, 0, 'Empty', 0, 1, '2023-07-02 22:30:33', '2023-07-02 22:30:33');
INSERT INTO `edu_video` VALUES ('1675700333029912578', '1675449343588454401', '1675700272342528001', '第一节 hdfs文件管理系统', '', '', 0, 0, 0, 0, 'Empty', 0, 1, '2023-07-03 10:57:47', '2023-07-03 10:57:47');
INSERT INTO `edu_video` VALUES ('1675700972510277634', '1675500244395184130', '1675700905686626306', '第一节 第一个程序HelloWorld', '', '', 0, 0, 0, 0, 'Empty', 0, 1, '2023-07-03 11:00:20', '2023-07-03 11:00:20');
INSERT INTO `edu_video` VALUES ('1675790255896162305', '1675500244395184130', '1675789962458460162', '第一节 for循换', '', '', 0, 0, 0, 0, 'Empty', 0, 1, '2023-07-03 16:55:06', '2023-07-03 16:55:06');
INSERT INTO `edu_video` VALUES ('1675790294039162881', '1675500244395184130', '1675789962458460162', '第二节 while循换', '', '', 0, 0, 0, 0, 'Empty', 0, 1, '2023-07-03 16:55:15', '2023-07-03 16:55:15');
INSERT INTO `edu_video` VALUES ('1675790457570881537', '1675500244395184130', '1675789962458460162', '第三节 if与else', '', '', 0, 0, 0, 0, 'Empty', 0, 1, '2023-07-03 16:55:54', '2023-07-03 16:55:54');
INSERT INTO `edu_video` VALUES ('1675790740367634433', '1675500244395184130', '1675790204557881345', '第一节 长整型', '', '', 0, 0, 0, 0, 'Empty', 0, 1, '2023-07-03 16:57:02', '2023-07-03 21:21:26');
INSERT INTO `edu_video` VALUES ('1675797395239104514', '1675500244395184130', '1675790204557881345', '第二节 浮点型', '', '', 0, 0, 0, 0, 'Empty', 0, 1, '2023-07-03 17:23:28', '2023-07-03 17:23:28');
INSERT INTO `edu_video` VALUES ('1675857301359063042', '1675500244395184130', '1675790204557881345', '第三节', '', '', 0, 0, 0, 0, 'Empty', 0, 1, '2023-07-03 21:21:31', '2023-07-03 21:21:31');
INSERT INTO `edu_video` VALUES ('17', '18', '15', '第一节：Java简介', '196116a6fee742e1ba9f6c18f65bd8c1', '1', 1, 1000, 1, 100, 'Draft', 0, 1, '2019-01-01 13:08:57', '2019-10-11 11:26:39');
INSERT INTO `edu_video` VALUES ('18', '18', '15', '第二节：表达式和赋值语句', '2d99b08ca0214909899910c9ba042d47', '7 - How Do I Find Time for My ', 2, 999, 1, 100, 'Draft', 0, 1, '2019-01-01 13:09:02', '2019-03-08 03:30:27');
INSERT INTO `edu_video` VALUES ('19', '18', '15', '第三节：String类', '51120d59ddfd424cb5ab08b44fc8b23a', 'eae2b847ef8503b81f5d5593d769dde2.mp4', 3, 888, 0, 100, 'Draft', 0, 1, '2019-01-01 13:09:05', '2019-11-12 12:50:45');
INSERT INTO `edu_video` VALUES ('20', '18', '15', '第四节：程序风格', '2a38988892d84df598752226c50f3fa3', '00-day10总结.avi', 4, 666, 0, 100, 'Draft', 0, 1, '2019-01-01 13:09:05', '2019-10-11 09:20:09');

-- ----------------------------
-- Table structure for members
-- ----------------------------
DROP TABLE IF EXISTS `members`;
CREATE TABLE `members`  (
  `id` int(11) NOT NULL,
  `username` varchar(100) CHARACTER SET utf8 COLLATE utf8_general_ci NULL DEFAULT NULL,
  `age` int(11) NULL DEFAULT NULL,
  PRIMARY KEY (`id`) USING BTREE
) ENGINE = InnoDB CHARACTER SET = utf8 COLLATE = utf8_general_ci ROW_FORMAT = Dynamic;

-- ----------------------------
-- Records of members
-- ----------------------------
INSERT INTO `members` VALUES (1, 'lucky', 17);

-- ----------------------------
-- Table structure for statistics_daily
-- ----------------------------
DROP TABLE IF EXISTS `statistics_daily`;
CREATE TABLE `statistics_daily`  (
  `id` char(19) CHARACTER SET utf8 COLLATE utf8_general_ci NOT NULL COMMENT '主键',
  `date_calculated` varchar(20) CHARACTER SET utf8 COLLATE utf8_general_ci NOT NULL COMMENT '统计日期',
  `register_num` int(11) NOT NULL DEFAULT 0 COMMENT '注册人数',
  `login_num` int(11) NOT NULL DEFAULT 0 COMMENT '登录人数',
  `video_view_num` int(11) NOT NULL DEFAULT 0 COMMENT '每日播放视频数',
  `course_num` int(11) NOT NULL DEFAULT 0 COMMENT '每日新增课程数',
  `gmt_create` datetime(0) NOT NULL COMMENT '创建时间',
  `gmt_modified` datetime(0) NOT NULL COMMENT '更新时间',
  PRIMARY KEY (`id`) USING BTREE,
  INDEX `statistics_day`(`date_calculated`) USING BTREE
) ENGINE = InnoDB CHARACTER SET = utf8 COLLATE = utf8_general_ci COMMENT = '网站统计日数据' ROW_FORMAT = Dynamic;

-- ----------------------------
-- Records of statistics_daily
-- ----------------------------
INSERT INTO `statistics_daily` VALUES ('1078490017163833345', '2018-12-28', 7, 8, 154, 170, '2018-12-28 11:17:12', '2019-09-09 12:12:12');
INSERT INTO `statistics_daily` VALUES ('1087142127818768386', '2019-01-02', 2, 7, 167, 177, '2019-01-21 08:17:36', '2019-09-09 12:12:12');
INSERT INTO `statistics_daily` VALUES ('1087198321809457153', '2019-01-01', 1, 2, 130, 189, '2019-01-21 12:00:54', '2019-09-09 12:12:12');
INSERT INTO `statistics_daily` VALUES ('1087198383973236738', '2019-01-03', 7, 8, 114, 130, '2019-01-21 12:01:09', '2019-09-09 12:12:12');
INSERT INTO `statistics_daily` VALUES ('1087451681764982785', '2019-01-04', 85, 89, 118, 155, '2019-01-22 04:47:39', '2019-09-09 12:12:12');
INSERT INTO `statistics_daily` VALUES ('1087455336471785473', '2019-01-05', 57, 99, 184, 186, '2019-01-22 05:02:11', '2019-09-09 12:12:12');
INSERT INTO `statistics_daily` VALUES ('1105339962460491777', '2019-03-01', 76, 143, 168, 136, '2019-03-12 13:29:18', '2019-03-12 13:29:18');
INSERT INTO `statistics_daily` VALUES ('1105339977027309569', '2019-03-02', 76, 165, 171, 158, '2019-03-12 13:29:21', '2019-03-12 13:29:21');
INSERT INTO `statistics_daily` VALUES ('1105339990738489346', '2019-03-03', 4, 143, 147, 194, '2019-03-12 13:29:25', '2019-03-12 13:29:25');
INSERT INTO `statistics_daily` VALUES ('1105340000544772098', '2019-03-04', 5, 155, 106, 153, '2019-03-12 13:29:27', '2019-03-12 13:29:27');
INSERT INTO `statistics_daily` VALUES ('1105340011244441602', '2019-03-05', 56, 186, 102, 155, '2019-03-12 13:29:30', '2019-03-12 13:29:30');
INSERT INTO `statistics_daily` VALUES ('1105340020929089538', '2019-03-06', 1, 140, 192, 129, '2019-03-12 13:29:32', '2019-03-12 13:29:32');
INSERT INTO `statistics_daily` VALUES ('1105340029800042497', '2019-03-07', 52, 186, 139, 116, '2019-03-12 13:29:34', '2019-03-12 13:29:34');
INSERT INTO `statistics_daily` VALUES ('1105340038696161282', '2019-03-08', 14, 120, 166, 112, '2019-03-12 13:29:36', '2019-03-12 13:29:36');
INSERT INTO `statistics_daily` VALUES ('1105340049441968129', '2019-03-09', 132, 182, 147, 119, '2019-03-12 13:29:39', '2019-03-12 13:29:39');
INSERT INTO `statistics_daily` VALUES ('1105340059738984449', '2019-03-10', 5, 199, 141, 103, '2019-03-12 13:29:41', '2019-03-12 13:29:41');
INSERT INTO `statistics_daily` VALUES ('1105340070438653953', '2019-03-11', 11, 127, 137, 156, '2019-03-12 13:29:44', '2019-03-12 13:29:44');
INSERT INTO `statistics_daily` VALUES ('1105340080307851266', '2019-03-12', 1, 167, 123, 132, '2019-03-12 13:29:46', '2019-03-12 13:29:46');
INSERT INTO `statistics_daily` VALUES ('1105340090047025153', '2019-03-13', 56, 106, 132, 103, '2019-03-12 13:29:48', '2019-03-12 13:29:48');
INSERT INTO `statistics_daily` VALUES ('1105340100075606017', '2019-03-14', 0, 166, 180, 118, '2019-03-12 13:29:51', '2019-03-12 13:29:51');
INSERT INTO `statistics_daily` VALUES ('1105340110511034370', '2019-03-15', 1, 114, 151, 185, '2019-03-12 13:29:53', '2019-03-12 13:29:53');
INSERT INTO `statistics_daily` VALUES ('1105340121412030466', '2019-03-16', 0, 134, 105, 126, '2019-03-12 13:29:56', '2019-03-12 13:29:56');
INSERT INTO `statistics_daily` VALUES ('1105340132833120258', '2019-03-17', 15, 169, 106, 131, '2019-03-12 13:29:59', '2019-03-12 13:29:59');
INSERT INTO `statistics_daily` VALUES ('1105340145659301890', '2019-03-18', 68, 120, 106, 163, '2019-03-12 13:30:02', '2019-03-12 13:30:02');
INSERT INTO `statistics_daily` VALUES ('1105340153578147842', '2019-03-19', 7, 146, 155, 153, '2019-03-12 13:30:03', '2019-03-12 13:30:03');
INSERT INTO `statistics_daily` VALUES ('1105340162436517890', '2019-03-20', 87, 127, 181, 186, '2019-03-12 13:30:06', '2019-03-12 13:30:06');
INSERT INTO `statistics_daily` VALUES ('1105340171517186050', '2019-03-21', 8, 106, 134, 145, '2019-03-12 13:30:08', '2019-03-12 13:30:08');
INSERT INTO `statistics_daily` VALUES ('1105340181034061825', '2019-03-22', 7, 161, 182, 143, '2019-03-12 13:30:10', '2019-03-12 13:30:10');
INSERT INTO `statistics_daily` VALUES ('1105340190072786946', '2019-03-23', 21, 183, 101, 182, '2019-03-12 13:30:12', '2019-03-12 13:30:12');
INSERT INTO `statistics_daily` VALUES ('1105340199426084865', '2019-03-24', 87, 117, 100, 102, '2019-03-12 13:30:14', '2019-03-12 13:30:14');
INSERT INTO `statistics_daily` VALUES ('1105340209261727745', '2019-03-25', 47, 116, 103, 160, '2019-03-12 13:30:17', '2019-03-12 13:30:17');
INSERT INTO `statistics_daily` VALUES ('1105340217935548418', '2019-03-26', 520, 101, 119, 150, '2019-03-12 13:30:19', '2019-03-12 13:30:19');
INSERT INTO `statistics_daily` VALUES ('1105340225967640577', '2019-03-27', 72, 129, 141, 181, '2019-03-12 13:30:21', '2019-03-12 13:30:21');
INSERT INTO `statistics_daily` VALUES ('1105340234075230209', '2019-03-28', 54, 113, 179, 158, '2019-03-12 13:30:23', '2019-03-12 13:30:23');
INSERT INTO `statistics_daily` VALUES ('1105340242837131265', '2019-03-29', 4, 117, 131, 101, '2019-03-12 13:30:25', '2019-03-12 13:30:25');
INSERT INTO `statistics_daily` VALUES ('1105340252395950082', '2019-03-30', 5, 153, 187, 174, '2019-03-12 13:30:27', '2019-03-12 13:30:27');
INSERT INTO `statistics_daily` VALUES ('1105340261958963201', '2019-03-31', 6, 179, 135, 199, '2019-03-12 13:30:29', '2019-03-12 13:30:29');
INSERT INTO `statistics_daily` VALUES ('1105372743634898945', '2019-01-06', 8, 113, 143, 148, '2019-03-12 15:39:34', '2019-03-12 15:39:34');
INSERT INTO `statistics_daily` VALUES ('1105372754380705793', '2019-01-07', 45, 173, 158, 153, '2019-03-12 15:39:36', '2019-03-12 15:39:36');
INSERT INTO `statistics_daily` VALUES ('1105372762526044162', '2019-01-08', 53, 135, 199, 131, '2019-03-12 15:39:38', '2019-03-12 15:39:38');
INSERT INTO `statistics_daily` VALUES ('1105372771229224961', '2019-01-09', 63, 161, 107, 162, '2019-03-12 15:39:40', '2019-03-12 15:39:40');
INSERT INTO `statistics_daily` VALUES ('1105372780922261505', '2019-01-10', 83, 182, 196, 135, '2019-03-12 15:39:42', '2019-03-12 15:39:42');
INSERT INTO `statistics_daily` VALUES ('1105372790103592961', '2019-01-11', 37, 123, 194, 102, '2019-03-12 15:39:45', '2019-03-12 15:39:45');
INSERT INTO `statistics_daily` VALUES ('1105372798626418689', '2019-01-12', 7, 185, 106, 180, '2019-03-12 15:39:47', '2019-03-12 15:39:47');
INSERT INTO `statistics_daily` VALUES ('1165', '2018-01-01', 583, 26, 236, 14, '2018-01-25 06:38:19', '2019-09-09 12:12:12');
INSERT INTO `statistics_daily` VALUES ('1166', '2018-01-02', 583, 26, 236, 14, '2018-01-25 06:38:19', '2019-09-09 12:12:12');
INSERT INTO `statistics_daily` VALUES ('1167', '2018-01-03', 584, 26, 236, 14, '2018-01-25 06:38:19', '2019-09-09 12:12:12');
INSERT INTO `statistics_daily` VALUES ('1168', '2018-01-04', 584, 26, 237, 14, '2018-01-25 06:38:19', '2019-09-09 12:12:12');
INSERT INTO `statistics_daily` VALUES ('1169', '2018-01-05', 585, 26, 237, 14, '2018-01-25 06:38:19', '2019-09-09 12:12:12');
INSERT INTO `statistics_daily` VALUES ('1170', '2018-01-06', 585, 26, 237, 14, '2018-01-25 06:38:19', '2019-09-09 12:12:12');
INSERT INTO `statistics_daily` VALUES ('1171', '2018-01-07', 586, 26, 237, 14, '2018-01-25 06:38:19', '2019-09-09 12:12:12');
INSERT INTO `statistics_daily` VALUES ('1172', '2018-01-08', 586, 26, 237, 14, '2018-01-25 06:38:19', '2019-09-09 12:12:12');
INSERT INTO `statistics_daily` VALUES ('1173', '2018-01-09', 587, 26, 238, 14, '2018-01-25 06:38:19', '2019-09-09 12:12:12');
INSERT INTO `statistics_daily` VALUES ('1174', '2018-01-10', 587, 26, 238, 14, '2018-01-25 06:38:19', '2019-09-09 12:12:12');
INSERT INTO `statistics_daily` VALUES ('1175', '2018-01-11', 588, 27, 238, 14, '2018-01-25 06:38:19', '2019-09-09 12:12:12');
INSERT INTO `statistics_daily` VALUES ('1176', '2018-01-12', 588, 27, 238, 14, '2018-01-25 06:38:19', '2019-09-09 12:12:12');
INSERT INTO `statistics_daily` VALUES ('1177', '2018-01-13', 589, 27, 238, 14, '2018-01-25 06:38:19', '2019-09-09 12:12:12');
INSERT INTO `statistics_daily` VALUES ('1178', '2018-01-14', 589, 27, 239, 14, '2018-01-25 06:38:19', '2019-09-09 12:12:12');
INSERT INTO `statistics_daily` VALUES ('1179', '2018-01-15', 590, 27, 239, 14, '2018-01-25 06:38:19', '2019-09-09 12:12:12');
INSERT INTO `statistics_daily` VALUES ('1180', '2018-01-16', 590, 27, 239, 14, '2018-01-25 06:38:19', '2019-09-09 12:12:12');
INSERT INTO `statistics_daily` VALUES ('1181', '2018-01-17', 591, 27, 239, 14, '2018-01-25 06:38:19', '2019-09-09 12:12:12');
INSERT INTO `statistics_daily` VALUES ('1182', '2018-01-18', 591, 27, 239, 14, '2018-01-25 06:38:19', '2019-09-09 12:12:12');
INSERT INTO `statistics_daily` VALUES ('1183', '2018-01-19', 592, 27, 240, 14, '2018-01-25 06:38:19', '2019-09-09 12:12:12');
INSERT INTO `statistics_daily` VALUES ('1183991737299263490', '2019-10-01', 87, 145, 149, 153, '2019-10-15 14:23:22', '2019-10-15 14:23:22');
INSERT INTO `statistics_daily` VALUES ('1183999299272904705', '2019-10-03', 8, 125, 102, 153, '2019-10-15 14:53:25', '2019-10-15 14:53:25');
INSERT INTO `statistics_daily` VALUES ('1183999309477646338', '2019-10-04', 94, 103, 194, 161, '2019-10-15 14:53:28', '2019-10-15 14:53:28');
INSERT INTO `statistics_daily` VALUES ('1183999318919024642', '2019-10-05', 48, 173, 174, 147, '2019-10-15 14:53:30', '2019-10-15 14:53:30');
INSERT INTO `statistics_daily` VALUES ('1183999331409661954', '2019-10-06', 5, 129, 197, 173, '2019-10-15 14:53:33', '2019-10-15 14:53:33');
INSERT INTO `statistics_daily` VALUES ('1183999342897860610', '2019-10-07', 5, 184, 125, 169, '2019-10-15 14:53:36', '2019-10-15 14:53:36');
INSERT INTO `statistics_daily` VALUES ('1183999351588458498', '2019-10-08', 5, 173, 143, 138, '2019-10-15 14:53:38', '2019-10-15 14:53:38');
INSERT INTO `statistics_daily` VALUES ('1183999360316805122', '2019-10-09', 7, 161, 158, 117, '2019-10-15 14:53:40', '2019-10-15 14:53:40');
INSERT INTO `statistics_daily` VALUES ('1183999367480676353', '2019-10-10', 48, 190, 166, 135, '2019-10-15 14:53:42', '2019-10-15 14:53:42');
INSERT INTO `statistics_daily` VALUES ('1184', '2018-01-20', 592, 27, 240, 14, '2018-01-25 06:38:19', '2019-09-09 12:12:12');
INSERT INTO `statistics_daily` VALUES ('1184030117693284353', '2019-10-11', 1, 182, 199, 193, '2019-10-15 16:55:53', '2019-10-15 16:55:53');
INSERT INTO `statistics_daily` VALUES ('1185', '2018-01-21', 593, 27, 240, 14, '2018-01-25 06:38:19', '2019-09-09 12:12:12');
INSERT INTO `statistics_daily` VALUES ('1185373213064482818', '2019-01-19', 6, 135, 126, 167, '2019-10-19 09:52:52', '2019-10-19 09:52:52');
INSERT INTO `statistics_daily` VALUES ('1186', '2018-01-22', 593, 27, 240, 14, '2018-01-25 06:38:19', '2019-09-09 12:12:12');
INSERT INTO `statistics_daily` VALUES ('1186536619937435650', '2019-10-02', 4, 187, 183, 108, '2019-10-22 14:55:50', '2019-10-22 14:55:50');
INSERT INTO `statistics_daily` VALUES ('1187', '2018-01-23', 594, 27, 240, 14, '2018-01-25 06:38:19', '2019-09-09 12:12:12');
INSERT INTO `statistics_daily` VALUES ('1188', '2018-01-24', 594, 27, 241, 14, '2018-01-25 06:38:19', '2019-09-09 12:12:12');
INSERT INTO `statistics_daily` VALUES ('1189', '2018-01-25', 595, 27, 241, 14, '2018-01-25 06:38:19', '2019-09-09 12:12:12');
INSERT INTO `statistics_daily` VALUES ('1190', '2018-01-26', 595, 27, 241, 14, '2018-01-25 06:38:19', '2019-09-09 12:12:12');
INSERT INTO `statistics_daily` VALUES ('1191', '2018-01-27', 596, 27, 241, 14, '2018-01-25 06:38:19', '2019-09-09 12:12:12');
INSERT INTO `statistics_daily` VALUES ('1192', '2018-01-28', 596, 27, 241, 14, '2018-01-25 06:38:19', '2019-09-09 12:12:12');
INSERT INTO `statistics_daily` VALUES ('1192253597226455042', '2019-11-01', 1, 129, 122, 167, '2019-11-07 09:33:03', '2019-11-07 09:33:03');
INSERT INTO `statistics_daily` VALUES ('1192253902756335617', '2019-11-02', 25, 170, 192, 192, '2019-11-07 09:34:16', '2019-11-07 09:34:16');
INSERT INTO `statistics_daily` VALUES ('1193', '2018-01-29', 597, 27, 242, 14, '2018-01-25 06:38:19', '2019-09-09 12:12:12');
INSERT INTO `statistics_daily` VALUES ('1194', '2018-01-30', 597, 27, 242, 14, '2018-01-25 06:38:19', '2019-09-09 12:12:12');
INSERT INTO `statistics_daily` VALUES ('1194060032935493633', '2019-11-11', 25, 121, 121, 122, '2019-11-12 09:11:11', '2019-11-12 09:11:11');
INSERT INTO `statistics_daily` VALUES ('1194060301425475585', '2019-11-10', 25, 155, 187, 140, '2019-11-12 09:12:15', '2019-11-12 09:12:15');
INSERT INTO `statistics_daily` VALUES ('1195', '2018-01-31', 598, 27, 242, 14, '2018-01-25 06:38:19', '2019-09-09 12:12:12');
INSERT INTO `statistics_daily` VALUES ('1196', '2018-02-01', 598, 27, 242, 14, '2018-01-25 06:38:19', '2019-09-09 12:12:12');
INSERT INTO `statistics_daily` VALUES ('1197', '2018-02-02', 599, 27, 242, 14, '2018-01-25 06:38:19', '2019-09-09 12:12:12');
INSERT INTO `statistics_daily` VALUES ('1198', '2018-02-03', 599, 27, 243, 14, '2018-01-25 06:38:19', '2019-09-09 12:12:12');
INSERT INTO `statistics_daily` VALUES ('1199', '2018-02-04', 600, 27, 243, 14, '2018-01-25 06:38:19', '2019-09-09 12:12:12');
INSERT INTO `statistics_daily` VALUES ('1200', '2018-02-05', 600, 27, 243, 14, '2018-01-25 06:38:19', '2019-09-09 12:12:12');
INSERT INTO `statistics_daily` VALUES ('1201', '2018-02-06', 601, 27, 243, 14, '2018-01-25 06:38:19', '2019-09-09 12:12:12');
INSERT INTO `statistics_daily` VALUES ('1202', '2018-02-07', 601, 27, 243, 14, '2018-01-25 06:38:19', '2019-09-09 12:12:12');
INSERT INTO `statistics_daily` VALUES ('1203', '2018-02-08', 602, 27, 244, 14, '2018-01-25 06:38:19', '2019-09-09 12:12:12');
INSERT INTO `statistics_daily` VALUES ('1204', '2018-02-09', 602, 27, 244, 14, '2018-01-25 06:38:19', '2019-09-09 12:12:12');
INSERT INTO `statistics_daily` VALUES ('1205', '2018-02-10', 603, 27, 244, 14, '2018-01-25 06:38:19', '2019-09-09 12:12:12');
INSERT INTO `statistics_daily` VALUES ('1206', '2018-02-11', 603, 27, 244, 14, '2018-01-25 06:38:19', '2019-09-09 12:12:12');
INSERT INTO `statistics_daily` VALUES ('1207', '2018-02-12', 604, 27, 244, 14, '2018-01-25 06:38:19', '2019-09-09 12:12:12');
INSERT INTO `statistics_daily` VALUES ('1208', '2018-02-13', 604, 27, 245, 14, '2018-01-25 06:38:19', '2019-09-09 12:12:12');
INSERT INTO `statistics_daily` VALUES ('1209', '2018-02-14', 605, 27, 245, 14, '2018-01-25 06:38:19', '2019-09-09 12:12:12');
INSERT INTO `statistics_daily` VALUES ('1210', '2018-02-15', 605, 27, 245, 14, '2018-01-25 06:38:19', '2019-09-09 12:12:12');
INSERT INTO `statistics_daily` VALUES ('1211', '2018-02-16', 606, 27, 245, 14, '2018-01-25 06:38:19', '2019-09-09 12:12:12');
INSERT INTO `statistics_daily` VALUES ('1212', '2018-02-17', 606, 27, 245, 14, '2018-01-25 06:38:19', '2019-09-09 12:12:12');
INSERT INTO `statistics_daily` VALUES ('1213', '2018-02-18', 607, 27, 246, 14, '2018-01-25 06:38:19', '2019-09-09 12:12:12');
INSERT INTO `statistics_daily` VALUES ('1214', '2018-02-19', 607, 27, 246, 14, '2018-01-25 06:38:19', '2019-09-09 12:12:12');
INSERT INTO `statistics_daily` VALUES ('1215', '2018-02-20', 608, 27, 246, 14, '2018-01-25 06:38:19', '2019-09-09 12:12:12');
INSERT INTO `statistics_daily` VALUES ('1216', '2018-02-21', 608, 27, 246, 14, '2018-01-25 06:38:19', '2019-09-09 12:12:12');
INSERT INTO `statistics_daily` VALUES ('1217', '2018-02-22', 609, 27, 246, 14, '2018-01-25 06:38:19', '2019-09-09 12:12:12');
INSERT INTO `statistics_daily` VALUES ('1218', '2018-02-23', 609, 27, 247, 14, '2018-01-25 06:38:19', '2019-09-09 12:12:12');
INSERT INTO `statistics_daily` VALUES ('1219', '2018-02-24', 610, 27, 247, 14, '2018-01-25 06:38:19', '2019-09-09 12:12:12');
INSERT INTO `statistics_daily` VALUES ('1220', '2018-02-25', 610, 27, 247, 14, '2018-01-25 06:38:19', '2019-09-09 12:12:12');
INSERT INTO `statistics_daily` VALUES ('1221', '2018-02-26', 611, 27, 247, 14, '2018-01-25 06:38:19', '2019-09-09 12:12:12');
INSERT INTO `statistics_daily` VALUES ('1222', '2018-02-27', 611, 27, 247, 14, '2018-01-25 06:38:19', '2019-09-09 12:12:12');
INSERT INTO `statistics_daily` VALUES ('1223', '2018-02-28', 612, 27, 248, 14, '2018-01-25 06:38:19', '2019-09-09 12:12:12');
INSERT INTO `statistics_daily` VALUES ('1224', '2018-03-01', 612, 27, 248, 14, '2018-01-25 06:38:19', '2019-09-09 12:12:12');
INSERT INTO `statistics_daily` VALUES ('1225', '2018-03-02', 613, 28, 248, 14, '2018-01-25 06:38:19', '2019-09-09 12:12:12');
INSERT INTO `statistics_daily` VALUES ('1226', '2018-03-03', 613, 28, 248, 14, '2018-01-25 06:38:19', '2019-09-09 12:12:12');
INSERT INTO `statistics_daily` VALUES ('1227', '2018-03-04', 614, 28, 248, 14, '2018-01-25 06:38:19', '2019-09-09 12:12:12');
INSERT INTO `statistics_daily` VALUES ('1228', '2018-03-05', 614, 28, 249, 14, '2018-01-25 06:38:19', '2019-09-09 12:12:12');
INSERT INTO `statistics_daily` VALUES ('1229', '2018-03-06', 615, 28, 249, 14, '2018-01-25 06:38:19', '2019-09-09 12:12:12');
INSERT INTO `statistics_daily` VALUES ('1230', '2018-03-07', 615, 28, 249, 14, '2018-01-25 06:38:19', '2019-09-09 12:12:12');
INSERT INTO `statistics_daily` VALUES ('1231', '2018-03-08', 616, 28, 249, 14, '2018-01-25 06:38:19', '2019-09-09 12:12:12');
INSERT INTO `statistics_daily` VALUES ('1232', '2018-03-09', 616, 28, 249, 14, '2018-01-25 06:38:19', '2019-09-09 12:12:12');
INSERT INTO `statistics_daily` VALUES ('1233', '2018-03-10', 617, 28, 250, 14, '2018-01-25 06:38:19', '2019-09-09 12:12:12');
INSERT INTO `statistics_daily` VALUES ('1234', '2018-03-11', 617, 28, 250, 14, '2018-01-25 06:38:19', '2019-09-09 12:12:12');
INSERT INTO `statistics_daily` VALUES ('1235', '2018-03-12', 618, 28, 250, 14, '2018-01-25 06:38:19', '2019-09-09 12:12:12');
INSERT INTO `statistics_daily` VALUES ('1236', '2018-03-13', 618, 28, 250, 14, '2018-01-25 06:38:19', '2019-09-09 12:12:12');
INSERT INTO `statistics_daily` VALUES ('1237', '2018-03-14', 619, 28, 250, 14, '2018-01-25 06:38:19', '2019-09-09 12:12:12');
INSERT INTO `statistics_daily` VALUES ('1238', '2018-03-15', 619, 28, 251, 14, '2018-01-25 06:38:19', '2019-09-09 12:12:12');
INSERT INTO `statistics_daily` VALUES ('1239', '2018-03-16', 620, 28, 251, 14, '2018-01-25 06:38:19', '2019-09-09 12:12:12');
INSERT INTO `statistics_daily` VALUES ('1240', '2018-03-17', 620, 28, 251, 14, '2018-01-25 06:38:19', '2019-09-09 12:12:12');
INSERT INTO `statistics_daily` VALUES ('1241', '2018-03-18', 621, 28, 251, 14, '2018-01-25 06:38:19', '2019-09-09 12:12:12');
INSERT INTO `statistics_daily` VALUES ('1242', '2018-03-19', 621, 28, 251, 14, '2018-01-25 06:38:19', '2019-09-09 12:12:12');
INSERT INTO `statistics_daily` VALUES ('1243', '2018-03-20', 622, 28, 252, 14, '2018-01-25 06:38:19', '2019-09-09 12:12:12');
INSERT INTO `statistics_daily` VALUES ('1244', '2018-03-21', 622, 28, 252, 14, '2018-01-25 06:38:19', '2019-09-09 12:12:12');
INSERT INTO `statistics_daily` VALUES ('1245', '2018-03-22', 623, 28, 252, 14, '2018-01-25 06:38:19', '2019-09-09 12:12:12');
INSERT INTO `statistics_daily` VALUES ('1246', '2018-03-23', 623, 28, 252, 14, '2018-01-25 06:38:19', '2019-09-09 12:12:12');
INSERT INTO `statistics_daily` VALUES ('1247', '2018-03-24', 624, 28, 252, 14, '2018-01-25 06:38:19', '2019-09-09 12:12:12');
INSERT INTO `statistics_daily` VALUES ('1248', '2018-03-25', 624, 28, 253, 14, '2018-01-25 06:38:19', '2019-09-09 12:12:12');
INSERT INTO `statistics_daily` VALUES ('1249', '2018-03-26', 625, 28, 253, 14, '2018-01-25 06:38:19', '2019-09-09 12:12:12');
INSERT INTO `statistics_daily` VALUES ('1250', '2018-03-27', 625, 28, 253, 14, '2018-01-25 06:38:19', '2019-09-09 12:12:12');
INSERT INTO `statistics_daily` VALUES ('1251', '2018-03-28', 626, 28, 253, 14, '2018-01-25 06:38:19', '2019-09-09 12:12:12');
INSERT INTO `statistics_daily` VALUES ('1252', '2018-03-29', 626, 28, 253, 14, '2018-01-25 06:38:19', '2019-09-09 12:12:12');
INSERT INTO `statistics_daily` VALUES ('1253', '2018-03-30', 627, 28, 254, 14, '2018-01-25 06:38:19', '2019-09-09 12:12:12');
INSERT INTO `statistics_daily` VALUES ('1254', '2018-03-31', 627, 28, 254, 14, '2018-01-25 06:38:19', '2019-09-09 12:12:12');
INSERT INTO `statistics_daily` VALUES ('1255', '2018-04-01', 628, 28, 254, 14, '2018-01-25 06:38:19', '2019-09-09 12:12:12');
INSERT INTO `statistics_daily` VALUES ('1256', '2018-04-02', 628, 28, 254, 14, '2018-01-25 06:38:19', '2019-09-09 12:12:12');
INSERT INTO `statistics_daily` VALUES ('1257', '2018-04-03', 629, 28, 254, 14, '2018-01-25 06:38:19', '2019-09-09 12:12:12');
INSERT INTO `statistics_daily` VALUES ('1258', '2018-04-04', 629, 28, 255, 14, '2018-01-25 06:38:19', '2019-09-09 12:12:12');
INSERT INTO `statistics_daily` VALUES ('1259', '2018-04-05', 630, 28, 255, 14, '2018-01-25 06:38:19', '2019-09-09 12:12:12');
INSERT INTO `statistics_daily` VALUES ('1260', '2018-04-06', 630, 28, 255, 14, '2018-01-25 06:38:19', '2019-09-09 12:12:12');
INSERT INTO `statistics_daily` VALUES ('1261', '2018-04-07', 631, 28, 255, 14, '2018-01-25 06:38:19', '2019-09-09 12:12:12');
INSERT INTO `statistics_daily` VALUES ('1262', '2018-04-08', 631, 28, 255, 14, '2018-01-25 06:38:19', '2019-09-09 12:12:12');
INSERT INTO `statistics_daily` VALUES ('1263', '2018-04-09', 632, 28, 256, 14, '2018-01-25 06:38:19', '2019-09-09 12:12:12');
INSERT INTO `statistics_daily` VALUES ('1264', '2018-04-10', 632, 28, 256, 14, '2018-01-25 06:38:19', '2019-09-09 12:12:12');
INSERT INTO `statistics_daily` VALUES ('1265', '2018-04-11', 633, 28, 256, 14, '2018-01-25 06:38:19', '2019-09-09 12:12:12');
INSERT INTO `statistics_daily` VALUES ('1266', '2018-04-12', 633, 28, 256, 14, '2018-01-25 06:38:19', '2019-09-09 12:12:12');
INSERT INTO `statistics_daily` VALUES ('1267', '2018-04-13', 634, 28, 256, 14, '2018-01-25 06:38:19', '2019-09-09 12:12:12');
INSERT INTO `statistics_daily` VALUES ('1268', '2018-04-14', 634, 28, 257, 14, '2018-01-25 06:38:19', '2019-09-09 12:12:12');
INSERT INTO `statistics_daily` VALUES ('1269', '2018-04-15', 635, 28, 257, 14, '2018-01-25 06:38:19', '2019-09-09 12:12:12');
INSERT INTO `statistics_daily` VALUES ('1270', '2018-04-16', 635, 28, 257, 14, '2018-01-25 06:38:19', '2019-09-09 12:12:12');
INSERT INTO `statistics_daily` VALUES ('1271', '2018-04-17', 636, 28, 257, 14, '2018-01-25 06:38:19', '2019-09-09 12:12:12');
INSERT INTO `statistics_daily` VALUES ('1272', '2018-04-18', 636, 28, 257, 14, '2018-01-25 06:38:19', '2019-09-09 12:12:12');
INSERT INTO `statistics_daily` VALUES ('1273', '2018-04-19', 637, 28, 258, 14, '2018-01-25 06:38:19', '2019-09-09 12:12:12');
INSERT INTO `statistics_daily` VALUES ('1274', '2018-04-20', 637, 28, 258, 14, '2018-01-25 06:38:19', '2019-09-09 12:12:12');
INSERT INTO `statistics_daily` VALUES ('1275', '2018-04-21', 638, 29, 258, 14, '2018-01-25 06:38:19', '2019-09-09 12:12:12');
INSERT INTO `statistics_daily` VALUES ('1276', '2018-04-22', 638, 29, 258, 14, '2018-01-25 06:38:19', '2019-09-09 12:12:12');
INSERT INTO `statistics_daily` VALUES ('1277', '2018-04-23', 639, 29, 258, 14, '2018-01-25 06:38:19', '2019-09-09 12:12:12');
INSERT INTO `statistics_daily` VALUES ('1278', '2018-04-24', 639, 29, 259, 14, '2018-01-25 06:38:19', '2019-09-09 12:12:12');
INSERT INTO `statistics_daily` VALUES ('1279', '2018-04-25', 640, 29, 259, 14, '2018-01-25 06:38:19', '2019-09-09 12:12:12');
INSERT INTO `statistics_daily` VALUES ('1280', '2018-04-26', 640, 29, 259, 14, '2018-01-25 06:38:19', '2019-09-09 12:12:12');
INSERT INTO `statistics_daily` VALUES ('1281', '2018-04-27', 641, 29, 259, 14, '2018-01-25 06:38:19', '2019-09-09 12:12:12');
INSERT INTO `statistics_daily` VALUES ('1282', '2018-04-28', 641, 29, 259, 14, '2018-01-25 06:38:19', '2019-09-09 12:12:12');
INSERT INTO `statistics_daily` VALUES ('1283', '2018-04-29', 642, 29, 260, 14, '2018-01-25 06:38:19', '2019-09-09 12:12:12');
INSERT INTO `statistics_daily` VALUES ('1284', '2018-04-30', 642, 29, 260, 14, '2018-01-25 06:38:19', '2019-09-09 12:12:12');
INSERT INTO `statistics_daily` VALUES ('1285', '2018-05-01', 643, 29, 260, 14, '2018-01-25 06:38:19', '2019-09-09 12:12:12');
INSERT INTO `statistics_daily` VALUES ('1286', '2018-05-02', 643, 29, 260, 14, '2018-01-25 06:38:19', '2019-09-09 12:12:12');
INSERT INTO `statistics_daily` VALUES ('1287', '2018-05-03', 644, 29, 260, 14, '2018-01-25 06:38:19', '2019-09-09 12:12:12');
INSERT INTO `statistics_daily` VALUES ('1288', '2018-05-04', 644, 29, 261, 14, '2018-01-25 06:38:19', '2019-09-09 12:12:12');
INSERT INTO `statistics_daily` VALUES ('1289', '2018-05-05', 645, 29, 261, 14, '2018-01-25 06:38:19', '2019-09-09 12:12:12');
INSERT INTO `statistics_daily` VALUES ('1290', '2018-05-06', 645, 29, 261, 14, '2018-01-25 06:38:19', '2019-09-09 12:12:12');
INSERT INTO `statistics_daily` VALUES ('1291', '2018-05-07', 646, 29, 261, 14, '2018-01-25 06:38:19', '2019-09-09 12:12:12');
INSERT INTO `statistics_daily` VALUES ('1292', '2018-05-08', 646, 29, 261, 14, '2018-01-25 06:38:19', '2019-09-09 12:12:12');
INSERT INTO `statistics_daily` VALUES ('1293', '2018-05-09', 647, 29, 262, 14, '2018-01-25 06:38:19', '2019-09-09 12:12:12');
INSERT INTO `statistics_daily` VALUES ('1294', '2018-05-10', 647, 29, 262, 14, '2018-01-25 06:38:19', '2019-09-09 12:12:12');
INSERT INTO `statistics_daily` VALUES ('1295', '2018-05-11', 648, 29, 262, 14, '2018-01-25 06:38:19', '2019-09-09 12:12:12');
INSERT INTO `statistics_daily` VALUES ('1296', '2018-05-12', 648, 29, 262, 14, '2018-01-25 06:38:19', '2019-09-09 12:12:12');
INSERT INTO `statistics_daily` VALUES ('1297', '2018-05-13', 649, 29, 262, 14, '2018-01-25 06:38:19', '2019-09-09 12:12:12');
INSERT INTO `statistics_daily` VALUES ('1298', '2018-05-14', 649, 29, 263, 14, '2018-01-25 06:38:19', '2019-09-09 12:12:12');
INSERT INTO `statistics_daily` VALUES ('1299', '2018-05-15', 5, 29, 263, 14, '2018-01-25 06:38:19', '2019-09-09 12:12:12');
INSERT INTO `statistics_daily` VALUES ('1300', '2018-05-16', 650, 29, 263, 14, '2018-01-25 06:38:19', '2019-09-09 12:12:12');
INSERT INTO `statistics_daily` VALUES ('1301', '2018-05-17', 651, 29, 263, 14, '2018-01-25 06:38:19', '2019-09-09 12:12:12');
INSERT INTO `statistics_daily` VALUES ('1302', '2018-05-18', 651, 29, 263, 14, '2018-01-25 06:38:19', '2019-09-09 12:12:12');
INSERT INTO `statistics_daily` VALUES ('1303', '2018-05-19', 652, 29, 264, 14, '2018-01-25 06:38:19', '2019-09-09 12:12:12');
INSERT INTO `statistics_daily` VALUES ('1304', '2018-05-20', 652, 29, 264, 14, '2018-01-25 06:38:19', '2019-09-09 12:12:12');
INSERT INTO `statistics_daily` VALUES ('1305', '2018-05-21', 653, 29, 264, 14, '2018-01-25 06:38:19', '2019-09-09 12:12:12');
INSERT INTO `statistics_daily` VALUES ('1306', '2018-05-22', 1, 29, 264, 14, '2018-01-25 06:38:19', '2019-09-09 12:12:12');
INSERT INTO `statistics_daily` VALUES ('1307', '2018-05-23', 654, 29, 264, 14, '2018-01-25 06:38:19', '2019-09-09 12:12:12');
INSERT INTO `statistics_daily` VALUES ('1308', '2018-05-24', 654, 29, 265, 14, '2018-01-25 06:38:19', '2019-09-09 12:12:12');
INSERT INTO `statistics_daily` VALUES ('1309', '2018-05-25', 1, 29, 265, 14, '2018-01-25 06:38:19', '2019-09-09 12:12:12');
INSERT INTO `statistics_daily` VALUES ('1310', '2018-05-26', 655, 29, 265, 14, '2018-01-25 06:38:19', '2019-09-09 12:12:12');
INSERT INTO `statistics_daily` VALUES ('1311', '2018-05-27', 656, 29, 265, 14, '2018-01-25 06:38:19', '2019-09-09 12:12:12');
INSERT INTO `statistics_daily` VALUES ('1312', '2018-05-28', 656, 29, 265, 14, '2018-01-25 06:38:19', '2019-09-09 12:12:12');
INSERT INTO `statistics_daily` VALUES ('1313', '2018-05-29', 657, 29, 266, 14, '2018-01-25 06:38:19', '2019-09-09 12:12:12');
INSERT INTO `statistics_daily` VALUES ('1314', '2018-05-30', 657, 29, 266, 14, '2018-01-25 06:38:19', '2019-09-09 12:12:12');
INSERT INTO `statistics_daily` VALUES ('1315', '2018-05-31', 658, 29, 266, 14, '2018-01-25 06:38:19', '2019-09-09 12:12:12');
INSERT INTO `statistics_daily` VALUES ('1316', '2018-06-01', 658, 29, 266, 14, '2018-01-25 06:38:19', '2019-09-09 12:12:12');
INSERT INTO `statistics_daily` VALUES ('1317', '2018-06-02', 659, 29, 266, 14, '2018-01-25 06:38:19', '2019-09-09 12:12:12');
INSERT INTO `statistics_daily` VALUES ('1318', '2018-06-03', 659, 29, 267, 14, '2018-01-25 06:38:19', '2019-09-09 12:12:12');
INSERT INTO `statistics_daily` VALUES ('1319', '2018-06-04', 660, 29, 267, 14, '2018-01-25 06:38:19', '2019-09-09 12:12:12');
INSERT INTO `statistics_daily` VALUES ('1320', '2018-06-05', 660, 29, 267, 14, '2018-01-25 06:38:19', '2019-09-09 12:12:12');
INSERT INTO `statistics_daily` VALUES ('1321', '2018-06-06', 661, 29, 267, 14, '2018-01-25 06:38:19', '2019-09-09 12:12:12');
INSERT INTO `statistics_daily` VALUES ('1322', '2018-06-07', 661, 29, 267, 14, '2018-01-25 06:38:19', '2019-09-09 12:12:12');
INSERT INTO `statistics_daily` VALUES ('1323', '2018-06-08', 662, 29, 268, 14, '2018-01-25 06:38:19', '2019-09-09 12:12:12');
INSERT INTO `statistics_daily` VALUES ('1324', '2018-06-09', 662, 29, 268, 14, '2018-01-25 06:38:19', '2019-09-09 12:12:12');
INSERT INTO `statistics_daily` VALUES ('1325', '2018-06-10', 663, 30, 268, 14, '2018-01-25 06:38:19', '2019-09-09 12:12:12');
INSERT INTO `statistics_daily` VALUES ('1326', '2018-06-11', 663, 30, 268, 14, '2018-01-25 06:38:19', '2019-09-09 12:12:12');
INSERT INTO `statistics_daily` VALUES ('1327', '2018-06-12', 664, 30, 268, 14, '2018-01-25 06:38:19', '2019-09-09 12:12:12');
INSERT INTO `statistics_daily` VALUES ('1328', '2018-06-13', 664, 30, 269, 14, '2018-01-25 06:38:19', '2019-09-09 12:12:12');
INSERT INTO `statistics_daily` VALUES ('1329', '2018-06-14', 665, 30, 269, 14, '2018-01-25 06:38:19', '2019-09-09 12:12:12');
INSERT INTO `statistics_daily` VALUES ('1330', '2018-06-15', 665, 30, 269, 14, '2018-01-25 06:38:19', '2019-09-09 12:12:12');
INSERT INTO `statistics_daily` VALUES ('1331', '2018-06-16', 666, 30, 269, 14, '2018-01-25 06:38:19', '2019-09-09 12:12:12');
INSERT INTO `statistics_daily` VALUES ('1332', '2018-06-17', 666, 30, 269, 14, '2018-01-25 06:38:19', '2019-09-09 12:12:12');
INSERT INTO `statistics_daily` VALUES ('1333', '2018-06-18', 667, 30, 270, 14, '2018-01-25 06:38:19', '2019-09-09 12:12:12');
INSERT INTO `statistics_daily` VALUES ('1334', '2018-06-19', 667, 30, 270, 14, '2018-01-25 06:38:19', '2019-09-09 12:12:12');
INSERT INTO `statistics_daily` VALUES ('1335', '2018-06-20', 668, 30, 270, 14, '2018-01-25 06:38:19', '2019-09-09 12:12:12');
INSERT INTO `statistics_daily` VALUES ('1336', '2018-06-21', 668, 30, 270, 14, '2018-01-25 06:38:19', '2019-09-09 12:12:12');
INSERT INTO `statistics_daily` VALUES ('1337', '2018-06-22', 669, 30, 270, 14, '2018-01-25 06:38:19', '2019-09-09 12:12:12');
INSERT INTO `statistics_daily` VALUES ('1338', '2018-06-23', 669, 30, 271, 14, '2018-01-25 06:38:19', '2019-09-09 12:12:12');
INSERT INTO `statistics_daily` VALUES ('1339', '2018-06-24', 670, 30, 271, 14, '2018-01-25 06:38:19', '2019-09-09 12:12:12');
INSERT INTO `statistics_daily` VALUES ('1340', '2018-06-25', 670, 30, 271, 14, '2018-01-25 06:38:19', '2019-09-09 12:12:12');
INSERT INTO `statistics_daily` VALUES ('1341', '2018-06-26', 671, 30, 271, 14, '2018-01-25 06:38:19', '2019-09-09 12:12:12');
INSERT INTO `statistics_daily` VALUES ('1342', '2018-06-27', 671, 30, 271, 14, '2018-01-25 06:38:19', '2019-09-09 12:12:12');
INSERT INTO `statistics_daily` VALUES ('1343', '2018-06-28', 672, 30, 272, 14, '2018-01-25 06:38:19', '2019-09-09 12:12:12');
INSERT INTO `statistics_daily` VALUES ('1344', '2018-06-29', 672, 30, 272, 14, '2018-01-25 06:38:19', '2019-09-09 12:12:12');
INSERT INTO `statistics_daily` VALUES ('1345', '2018-06-30', 673, 30, 272, 14, '2018-01-25 06:38:20', '2019-09-09 12:12:12');
INSERT INTO `statistics_daily` VALUES ('1346', '2018-07-01', 673, 30, 272, 14, '2018-01-25 06:38:20', '2019-09-09 12:12:12');
INSERT INTO `statistics_daily` VALUES ('1347', '2018-07-02', 674, 30, 272, 14, '2018-01-25 06:38:20', '2019-09-09 12:12:12');
INSERT INTO `statistics_daily` VALUES ('1348', '2018-07-03', 674, 30, 273, 14, '2018-01-25 06:38:20', '2019-09-09 12:12:12');
INSERT INTO `statistics_daily` VALUES ('1349', '2018-07-04', 675, 30, 273, 14, '2018-01-25 06:38:20', '2019-09-09 12:12:12');
INSERT INTO `statistics_daily` VALUES ('1350', '2018-07-05', 675, 30, 273, 14, '2018-01-25 06:38:20', '2019-09-09 12:12:12');
INSERT INTO `statistics_daily` VALUES ('1351', '2018-07-06', 676, 30, 273, 14, '2018-01-25 06:38:20', '2019-09-09 12:12:12');
INSERT INTO `statistics_daily` VALUES ('1352', '2018-07-07', 676, 30, 273, 14, '2018-01-25 06:38:20', '2019-09-09 12:12:12');
INSERT INTO `statistics_daily` VALUES ('1353', '2018-07-08', 677, 30, 274, 14, '2018-01-25 06:38:20', '2019-09-09 12:12:12');
INSERT INTO `statistics_daily` VALUES ('1354', '2018-07-09', 677, 30, 274, 14, '2018-01-25 06:38:20', '2019-09-09 12:12:12');
INSERT INTO `statistics_daily` VALUES ('1355', '2018-07-10', 678, 30, 274, 14, '2018-01-25 06:38:20', '2019-09-09 12:12:12');
INSERT INTO `statistics_daily` VALUES ('1356', '2018-07-11', 678, 30, 274, 14, '2018-01-25 06:38:20', '2019-09-09 12:12:12');
INSERT INTO `statistics_daily` VALUES ('1357', '2018-07-12', 679, 30, 274, 14, '2018-01-25 06:38:20', '2019-09-09 12:12:12');
INSERT INTO `statistics_daily` VALUES ('1358', '2018-07-13', 679, 30, 275, 14, '2018-01-25 06:38:20', '2019-09-09 12:12:12');
INSERT INTO `statistics_daily` VALUES ('1359', '2018-07-14', 680, 30, 275, 14, '2018-01-25 06:38:20', '2019-09-09 12:12:12');
INSERT INTO `statistics_daily` VALUES ('1360', '2018-07-15', 680, 30, 275, 14, '2018-01-25 06:38:20', '2019-09-09 12:12:12');
INSERT INTO `statistics_daily` VALUES ('1361', '2018-07-16', 681, 30, 275, 14, '2018-01-25 06:38:20', '2019-09-09 12:12:12');
INSERT INTO `statistics_daily` VALUES ('1362', '2018-07-17', 681, 30, 275, 14, '2018-01-25 06:38:20', '2019-09-09 12:12:12');
INSERT INTO `statistics_daily` VALUES ('1363', '2018-07-18', 682, 30, 276, 14, '2018-01-25 06:38:20', '2019-09-09 12:12:12');
INSERT INTO `statistics_daily` VALUES ('1364', '2018-07-19', 682, 30, 276, 14, '2018-01-25 06:38:20', '2019-09-09 12:12:12');
INSERT INTO `statistics_daily` VALUES ('1365', '2018-07-20', 683, 30, 276, 14, '2018-01-25 06:38:20', '2019-09-09 12:12:12');
INSERT INTO `statistics_daily` VALUES ('1366', '2018-07-21', 683, 30, 276, 14, '2018-01-25 06:38:20', '2019-09-09 12:12:12');
INSERT INTO `statistics_daily` VALUES ('1367', '2018-07-22', 684, 30, 276, 14, '2018-01-25 06:38:20', '2019-09-09 12:12:12');
INSERT INTO `statistics_daily` VALUES ('1368', '2018-07-23', 684, 30, 277, 14, '2018-01-25 06:38:20', '2019-09-09 12:12:12');
INSERT INTO `statistics_daily` VALUES ('1369', '2018-07-24', 685, 30, 277, 14, '2018-01-25 06:38:20', '2019-09-09 12:12:12');
INSERT INTO `statistics_daily` VALUES ('1370', '2018-07-25', 685, 30, 277, 14, '2018-01-25 06:38:20', '2019-09-09 12:12:12');
INSERT INTO `statistics_daily` VALUES ('1371', '2018-07-26', 686, 30, 277, 14, '2018-01-25 06:38:20', '2019-09-09 12:12:12');
INSERT INTO `statistics_daily` VALUES ('1372', '2018-07-27', 686, 30, 277, 14, '2018-01-25 06:38:20', '2019-09-09 12:12:12');
INSERT INTO `statistics_daily` VALUES ('1373', '2018-07-28', 687, 30, 278, 14, '2018-01-25 06:38:20', '2019-09-09 12:12:12');
INSERT INTO `statistics_daily` VALUES ('1374', '2018-07-29', 687, 30, 278, 14, '2018-01-25 06:38:20', '2019-09-09 12:12:12');
INSERT INTO `statistics_daily` VALUES ('1375', '2018-07-30', 688, 31, 278, 14, '2018-01-25 06:38:20', '2019-09-09 12:12:12');
INSERT INTO `statistics_daily` VALUES ('1376', '2018-07-31', 688, 31, 278, 14, '2018-01-25 06:38:20', '2019-09-09 12:12:12');
INSERT INTO `statistics_daily` VALUES ('1377', '2018-08-01', 689, 31, 278, 14, '2018-01-25 06:38:20', '2019-09-09 12:12:12');
INSERT INTO `statistics_daily` VALUES ('1378', '2018-08-02', 689, 31, 279, 14, '2018-01-25 06:38:20', '2019-09-09 12:12:12');
INSERT INTO `statistics_daily` VALUES ('1379', '2018-08-03', 690, 31, 279, 14, '2018-01-25 06:38:20', '2019-09-09 12:12:12');
INSERT INTO `statistics_daily` VALUES ('1380', '2018-08-04', 690, 31, 279, 14, '2018-01-25 06:38:20', '2019-09-09 12:12:12');
INSERT INTO `statistics_daily` VALUES ('1381', '2018-08-05', 691, 31, 279, 14, '2018-01-25 06:38:20', '2019-09-09 12:12:12');
INSERT INTO `statistics_daily` VALUES ('1382', '2018-08-06', 691, 31, 279, 14, '2018-01-25 06:38:20', '2019-09-09 12:12:12');
INSERT INTO `statistics_daily` VALUES ('1383', '2018-08-07', 692, 31, 280, 14, '2018-01-25 06:38:20', '2019-09-09 12:12:12');
INSERT INTO `statistics_daily` VALUES ('1384', '2018-08-08', 692, 31, 280, 14, '2018-01-25 06:38:20', '2019-09-09 12:12:12');
INSERT INTO `statistics_daily` VALUES ('1385', '2018-08-09', 1, 31, 280, 14, '2018-01-25 06:38:20', '2019-09-09 12:12:12');
INSERT INTO `statistics_daily` VALUES ('1386', '2018-08-10', 693, 31, 280, 14, '2018-01-25 06:38:20', '2019-09-09 12:12:12');
INSERT INTO `statistics_daily` VALUES ('1387', '2018-08-11', 694, 31, 280, 14, '2018-01-25 06:38:20', '2019-09-09 12:12:12');
INSERT INTO `statistics_daily` VALUES ('1388', '2018-08-12', 694, 31, 281, 14, '2018-01-25 06:38:20', '2019-09-09 12:12:12');
INSERT INTO `statistics_daily` VALUES ('1389', '2018-08-13', 695, 31, 281, 14, '2018-01-25 06:38:20', '2019-09-09 12:12:12');
INSERT INTO `statistics_daily` VALUES ('1390', '2018-08-14', 695, 31, 281, 14, '2018-01-25 06:38:20', '2019-09-09 12:12:12');
INSERT INTO `statistics_daily` VALUES ('1391', '2018-08-15', 696, 31, 281, 14, '2018-01-25 06:38:20', '2019-09-09 12:12:12');
INSERT INTO `statistics_daily` VALUES ('1392', '2018-08-16', 696, 31, 281, 14, '2018-01-25 06:38:20', '2019-09-09 12:12:12');
INSERT INTO `statistics_daily` VALUES ('1393', '2018-08-17', 697, 31, 282, 14, '2018-01-25 06:38:20', '2019-09-09 12:12:12');
INSERT INTO `statistics_daily` VALUES ('1394', '2018-08-18', 697, 31, 282, 14, '2018-01-25 06:38:20', '2019-09-09 12:12:12');
INSERT INTO `statistics_daily` VALUES ('1395', '2018-08-19', 698, 31, 282, 14, '2018-01-25 06:38:20', '2019-09-09 12:12:12');
INSERT INTO `statistics_daily` VALUES ('1396', '2018-08-20', 698, 31, 282, 14, '2018-01-25 06:38:20', '2019-09-09 12:12:12');
INSERT INTO `statistics_daily` VALUES ('1397', '2018-08-21', 699, 31, 282, 14, '2018-01-25 06:38:20', '2019-09-09 12:12:12');
INSERT INTO `statistics_daily` VALUES ('1398', '2018-08-22', 699, 31, 283, 14, '2018-01-25 06:38:20', '2019-09-09 12:12:12');
INSERT INTO `statistics_daily` VALUES ('1399', '2018-08-23', 700, 31, 283, 14, '2018-01-25 06:38:20', '2019-09-09 12:12:12');
INSERT INTO `statistics_daily` VALUES ('1400', '2018-08-24', 700, 31, 283, 14, '2018-01-25 06:38:20', '2019-09-09 12:12:12');
INSERT INTO `statistics_daily` VALUES ('1401', '2018-08-25', 701, 31, 283, 14, '2018-01-25 06:38:20', '2019-09-09 12:12:12');
INSERT INTO `statistics_daily` VALUES ('1402', '2018-08-26', 701, 31, 283, 14, '2018-01-25 06:38:20', '2019-09-09 12:12:12');
INSERT INTO `statistics_daily` VALUES ('1403', '2018-08-27', 702, 31, 284, 14, '2018-01-25 06:38:20', '2019-09-09 12:12:12');
INSERT INTO `statistics_daily` VALUES ('1404', '2018-08-28', 702, 31, 284, 14, '2018-01-25 06:38:20', '2019-09-09 12:12:12');
INSERT INTO `statistics_daily` VALUES ('1405', '2018-08-29', 703, 31, 284, 14, '2018-01-25 06:38:20', '2019-09-09 12:12:12');
INSERT INTO `statistics_daily` VALUES ('1406', '2018-08-30', 703, 31, 284, 14, '2018-01-25 06:38:20', '2019-09-09 12:12:12');
INSERT INTO `statistics_daily` VALUES ('1407', '2018-08-31', 704, 31, 284, 14, '2018-01-25 06:38:20', '2019-09-09 12:12:12');
INSERT INTO `statistics_daily` VALUES ('1408', '2018-09-01', 1, 31, 285, 14, '2018-01-25 06:38:20', '2019-09-09 12:12:12');
INSERT INTO `statistics_daily` VALUES ('1409', '2018-09-02', 705, 31, 285, 14, '2018-01-25 06:38:20', '2019-09-09 12:12:12');
INSERT INTO `statistics_daily` VALUES ('1410', '2018-09-03', 705, 31, 285, 14, '2018-01-25 06:38:20', '2019-09-09 12:12:12');
INSERT INTO `statistics_daily` VALUES ('1411', '2018-09-04', 706, 31, 285, 14, '2018-01-25 06:38:20', '2019-09-09 12:12:12');
INSERT INTO `statistics_daily` VALUES ('1412', '2018-09-05', 706, 31, 285, 14, '2018-01-25 06:38:20', '2019-09-09 12:12:12');
INSERT INTO `statistics_daily` VALUES ('1413', '2018-09-06', 707, 31, 286, 14, '2018-01-25 06:38:20', '2019-09-09 12:12:12');
INSERT INTO `statistics_daily` VALUES ('1414', '2018-09-07', 707, 31, 1, 14, '2018-01-25 06:38:20', '2019-09-09 12:12:12');
INSERT INTO `statistics_daily` VALUES ('1415', '2018-09-08', 708, 31, 1, 14, '2018-01-25 06:38:20', '2019-09-09 12:12:12');
INSERT INTO `statistics_daily` VALUES ('1416', '2018-09-09', 1, 31, 1, 14, '2018-01-25 06:38:20', '2019-09-09 12:12:12');
INSERT INTO `statistics_daily` VALUES ('1417', '2018-09-10', 1, 31, 2, 14, '2018-01-25 06:38:20', '2019-09-09 12:12:12');
INSERT INTO `statistics_daily` VALUES ('1418', '2018-09-11', 709, 31, 287, 14, '2018-01-25 06:38:20', '2019-09-09 12:12:12');
INSERT INTO `statistics_daily` VALUES ('1419', '2018-09-12', 710, 31, 287, 14, '2018-01-25 06:38:20', '2019-09-09 12:12:12');
INSERT INTO `statistics_daily` VALUES ('1420', '2018-09-13', 710, 31, 287, 14, '2018-01-25 06:38:20', '2019-09-09 12:12:12');
INSERT INTO `statistics_daily` VALUES ('1421', '2018-09-14', 711, 31, 287, 14, '2018-01-25 06:38:20', '2019-09-09 12:12:12');
INSERT INTO `statistics_daily` VALUES ('1422', '2018-09-15', 711, 31, 287, 14, '2018-01-25 06:38:20', '2019-09-09 12:12:12');
INSERT INTO `statistics_daily` VALUES ('1423', '2018-09-16', 712, 31, 288, 14, '2018-01-25 06:38:20', '2019-09-09 12:12:12');
INSERT INTO `statistics_daily` VALUES ('1424', '2018-09-17', 712, 31, 288, 14, '2018-01-25 06:38:20', '2019-09-09 12:12:12');
INSERT INTO `statistics_daily` VALUES ('1425', '2018-09-18', 713, 32, 288, 14, '2018-01-25 06:38:20', '2019-09-09 12:12:12');
INSERT INTO `statistics_daily` VALUES ('1426', '2018-09-19', 713, 32, 288, 14, '2018-01-25 06:38:20', '2019-09-09 12:12:12');
INSERT INTO `statistics_daily` VALUES ('1427', '2018-09-20', 714, 32, 288, 14, '2018-01-25 06:38:20', '2019-09-09 12:12:12');
INSERT INTO `statistics_daily` VALUES ('1428', '2018-09-21', 714, 32, 289, 14, '2018-01-25 06:38:20', '2019-09-09 12:12:12');
INSERT INTO `statistics_daily` VALUES ('1429', '2018-09-22', 715, 32, 289, 14, '2018-01-25 06:38:20', '2019-09-09 12:12:12');
INSERT INTO `statistics_daily` VALUES ('1430', '2018-09-23', 715, 32, 289, 14, '2018-01-25 06:38:20', '2019-09-09 12:12:12');
INSERT INTO `statistics_daily` VALUES ('1431', '2018-09-24', 716, 32, 1, 14, '2018-01-25 06:38:20', '2019-09-09 12:12:12');
INSERT INTO `statistics_daily` VALUES ('1432', '2018-09-25', 716, 32, 289, 14, '2018-01-25 06:38:20', '2019-09-09 12:12:12');
INSERT INTO `statistics_daily` VALUES ('1433', '2018-09-26', 717, 32, 290, 14, '2018-01-25 06:38:20', '2019-09-09 12:12:12');
INSERT INTO `statistics_daily` VALUES ('1434', '2018-09-27', 717, 32, 290, 14, '2018-01-25 06:38:20', '2019-09-09 12:12:12');
INSERT INTO `statistics_daily` VALUES ('1435', '2018-09-28', 718, 32, 290, 14, '2018-01-25 06:38:20', '2019-09-09 12:12:12');
INSERT INTO `statistics_daily` VALUES ('1436', '2018-09-29', 718, 32, 1, 14, '2018-01-25 06:38:20', '2019-09-09 12:12:12');
INSERT INTO `statistics_daily` VALUES ('1437', '2018-09-30', 719, 32, 290, 14, '2018-01-25 06:38:20', '2019-09-09 12:12:12');
INSERT INTO `statistics_daily` VALUES ('1438', '2018-10-01', 719, 32, 291, 14, '2018-01-25 06:38:20', '2019-09-09 12:12:12');
INSERT INTO `statistics_daily` VALUES ('1439', '2018-10-02', 720, 32, 291, 14, '2018-01-25 06:38:20', '2019-09-09 12:12:12');
INSERT INTO `statistics_daily` VALUES ('1440', '2018-10-03', 720, 32, 291, 14, '2018-01-25 06:38:20', '2019-09-09 12:12:12');
INSERT INTO `statistics_daily` VALUES ('1441', '2018-10-04', 721, 32, 291, 14, '2018-01-25 06:38:20', '2019-09-09 12:12:12');
INSERT INTO `statistics_daily` VALUES ('1442', '2018-10-05', 721, 32, 291, 14, '2018-01-25 06:38:20', '2019-09-09 12:12:12');
INSERT INTO `statistics_daily` VALUES ('1443', '2018-10-06', 722, 32, 292, 14, '2018-01-25 06:38:20', '2019-09-09 12:12:12');
INSERT INTO `statistics_daily` VALUES ('1444', '2018-10-07', 722, 32, 292, 14, '2018-01-25 06:38:20', '2019-09-09 12:12:12');
INSERT INTO `statistics_daily` VALUES ('1445', '2018-10-08', 1, 32, 292, 14, '2018-01-25 06:38:20', '2019-09-09 12:12:12');
INSERT INTO `statistics_daily` VALUES ('1446', '2018-10-09', 723, 32, 292, 14, '2018-01-25 06:38:20', '2019-09-09 12:12:12');
INSERT INTO `statistics_daily` VALUES ('1447', '2018-10-10', 724, 32, 292, 14, '2018-01-25 06:38:20', '2019-09-09 12:12:12');
INSERT INTO `statistics_daily` VALUES ('1448', '2018-10-11', 724, 32, 293, 14, '2018-01-25 06:38:20', '2019-09-09 12:12:12');
INSERT INTO `statistics_daily` VALUES ('1449', '2018-10-12', 725, 32, 293, 14, '2018-01-25 06:38:20', '2019-09-09 12:12:12');
INSERT INTO `statistics_daily` VALUES ('1450', '2018-10-13', 725, 32, 293, 14, '2018-01-25 06:38:20', '2019-09-09 12:12:12');
INSERT INTO `statistics_daily` VALUES ('1451', '2018-10-14', 726, 32, 4, 14, '2018-01-25 06:38:20', '2019-09-09 12:12:12');
INSERT INTO `statistics_daily` VALUES ('1452', '2018-10-15', 726, 32, 293, 14, '2018-01-25 06:38:20', '2019-09-09 12:12:12');
INSERT INTO `statistics_daily` VALUES ('1453', '2018-10-16', 727, 32, 294, 14, '2018-01-25 06:38:20', '2019-09-09 12:12:12');
INSERT INTO `statistics_daily` VALUES ('1454', '2018-10-17', 727, 32, 294, 14, '2018-01-25 06:38:20', '2019-09-09 12:12:12');
INSERT INTO `statistics_daily` VALUES ('1455', '2018-10-18', 728, 32, 294, 14, '2018-01-25 06:38:20', '2019-09-09 12:12:12');
INSERT INTO `statistics_daily` VALUES ('1456', '2018-10-19', 728, 32, 294, 14, '2018-01-25 06:38:20', '2019-09-09 12:12:12');
INSERT INTO `statistics_daily` VALUES ('1457', '2018-10-20', 729, 32, 294, 14, '2018-01-25 06:38:20', '2019-09-09 12:12:12');
INSERT INTO `statistics_daily` VALUES ('1458', '2018-10-21', 729, 32, 295, 14, '2018-01-25 06:38:20', '2019-09-09 12:12:12');
INSERT INTO `statistics_daily` VALUES ('1459', '2018-10-22', 730, 32, 1, 14, '2018-01-25 06:38:20', '2019-09-09 12:12:12');
INSERT INTO `statistics_daily` VALUES ('1460', '2018-10-23', 730, 32, 295, 14, '2018-01-25 06:38:20', '2019-09-09 12:12:12');
INSERT INTO `statistics_daily` VALUES ('1461', '2018-10-24', 731, 32, 295, 14, '2018-01-25 06:38:20', '2019-09-09 12:12:12');
INSERT INTO `statistics_daily` VALUES ('1462', '2018-10-25', 731, 32, 295, 14, '2018-01-25 06:38:20', '2019-09-09 12:12:12');
INSERT INTO `statistics_daily` VALUES ('1463', '2018-10-26', 732, 32, 296, 14, '2018-01-25 06:38:20', '2019-09-09 12:12:12');
INSERT INTO `statistics_daily` VALUES ('1464', '2018-10-27', 732, 32, 296, 14, '2018-01-25 06:38:20', '2019-09-09 12:12:12');
INSERT INTO `statistics_daily` VALUES ('1465', '2018-10-28', 733, 32, 296, 14, '2018-01-25 06:38:20', '2019-09-09 12:12:12');
INSERT INTO `statistics_daily` VALUES ('1466', '2018-10-29', 2, 32, 3, 14, '2018-01-25 06:38:20', '2019-09-09 12:12:12');
INSERT INTO `statistics_daily` VALUES ('1467', '2018-10-30', 734, 32, 296, 14, '2018-01-25 06:38:20', '2019-09-09 12:12:12');
INSERT INTO `statistics_daily` VALUES ('1468', '2018-10-31', 734, 32, 297, 14, '2018-01-25 06:38:20', '2019-09-09 12:12:12');
INSERT INTO `statistics_daily` VALUES ('1469', '2018-11-01', 735, 32, 297, 14, '2018-01-25 06:38:20', '2019-09-09 12:12:12');
INSERT INTO `statistics_daily` VALUES ('1470', '2018-11-02', 735, 32, 297, 14, '2018-01-25 06:38:20', '2019-09-09 12:12:12');
INSERT INTO `statistics_daily` VALUES ('1471', '2018-11-03', 1, 32, 297, 14, '2018-01-25 06:38:20', '2019-09-09 12:12:12');
INSERT INTO `statistics_daily` VALUES ('1472', '2018-11-04', 736, 32, 1, 14, '2018-01-25 06:38:20', '2019-09-09 12:12:12');
INSERT INTO `statistics_daily` VALUES ('1473', '2018-11-05', 737, 32, 298, 14, '2018-01-25 06:38:20', '2019-09-09 12:12:12');
INSERT INTO `statistics_daily` VALUES ('1474', '2018-11-06', 737, 32, 298, 14, '2018-01-25 06:38:20', '2019-09-09 12:12:12');
INSERT INTO `statistics_daily` VALUES ('1475', '2018-11-07', 738, 33, 298, 14, '2018-01-25 06:38:20', '2019-09-09 12:12:12');
INSERT INTO `statistics_daily` VALUES ('1476', '2018-11-08', 738, 33, 169, 14, '2018-01-25 06:38:20', '2019-09-09 12:12:12');
INSERT INTO `statistics_daily` VALUES ('1477', '2018-11-09', 1, 33, 298, 14, '2018-01-25 06:38:20', '2019-09-09 12:12:12');
INSERT INTO `statistics_daily` VALUES ('1478', '2018-11-10', 739, 33, 78, 14, '2018-01-25 06:38:20', '2019-09-09 12:12:12');
INSERT INTO `statistics_daily` VALUES ('1479', '2018-11-11', 740, 33, 299, 14, '2018-01-25 06:38:20', '2019-09-09 12:12:12');
INSERT INTO `statistics_daily` VALUES ('1480', '2018-11-12', 740, 33, 299, 14, '2018-01-25 06:38:20', '2019-09-09 12:12:12');
INSERT INTO `statistics_daily` VALUES ('1481', '2018-11-13', 741, 33, 299, 14, '2018-01-25 06:38:20', '2019-09-09 12:12:12');
INSERT INTO `statistics_daily` VALUES ('1482', '2018-11-14', 741, 33, 299, 14, '2018-01-25 06:38:20', '2019-09-09 12:12:12');
INSERT INTO `statistics_daily` VALUES ('1483', '2018-11-15', 742, 33, 300, 14, '2018-01-25 06:38:20', '2019-09-09 12:12:12');
INSERT INTO `statistics_daily` VALUES ('1484', '2018-11-16', 742, 33, 35, 14, '2018-01-25 06:38:20', '2019-09-09 12:12:12');
INSERT INTO `statistics_daily` VALUES ('1485', '2018-11-17', 743, 33, 300, 14, '2018-01-25 06:38:20', '2019-09-09 12:12:12');
INSERT INTO `statistics_daily` VALUES ('1486', '2018-11-18', 743, 33, 300, 14, '2018-01-25 06:38:20', '2019-09-09 12:12:12');
INSERT INTO `statistics_daily` VALUES ('1487', '2018-11-19', 744, 33, 300, 14, '2018-01-25 06:38:20', '2019-09-09 12:12:12');
INSERT INTO `statistics_daily` VALUES ('1488', '2018-11-20', 744, 33, 301, 14, '2018-01-25 06:38:20', '2019-09-09 12:12:12');
INSERT INTO `statistics_daily` VALUES ('1489', '2018-11-21', 745, 33, 234, 14, '2018-01-25 06:38:20', '2019-09-09 12:12:12');
INSERT INTO `statistics_daily` VALUES ('1490', '2018-11-22', 456, 33, 301, 14, '2018-01-25 06:38:20', '2019-09-09 12:12:12');
INSERT INTO `statistics_daily` VALUES ('1491', '2018-11-23', 746, 33, 301, 14, '2018-01-25 06:38:20', '2019-09-09 12:12:12');
INSERT INTO `statistics_daily` VALUES ('1492', '2018-11-24', 746, 33, 301, 14, '2018-01-25 06:38:20', '2019-09-09 12:12:12');
INSERT INTO `statistics_daily` VALUES ('1493', '2018-11-25', 747, 33, 302, 14, '2018-01-25 06:38:20', '2019-09-09 12:12:12');
INSERT INTO `statistics_daily` VALUES ('1494', '2018-11-26', 747, 4, 302, 14, '2018-01-25 06:38:20', '2019-09-09 12:12:12');
INSERT INTO `statistics_daily` VALUES ('1495', '2018-11-27', 748, 33, 302, 14, '2018-01-25 06:38:20', '2019-09-09 12:12:12');
INSERT INTO `statistics_daily` VALUES ('1496', '2018-11-28', 748, 33, 36, 14, '2018-01-25 06:38:20', '2019-09-09 12:12:12');
INSERT INTO `statistics_daily` VALUES ('1497', '2018-11-29', 749, 33, 302, 2, '2018-01-25 06:38:20', '2019-09-09 12:12:12');
INSERT INTO `statistics_daily` VALUES ('1498', '2018-11-30', 749, 3, 303, 14, '2018-01-25 06:38:20', '2019-09-09 12:12:12');
INSERT INTO `statistics_daily` VALUES ('1499', '2018-12-01', 750, 33, 303, 14, '2018-01-25 06:38:20', '2019-09-09 12:12:12');
INSERT INTO `statistics_daily` VALUES ('1500', '2018-12-02', 234, 33, 303, 14, '2018-01-25 06:38:20', '2019-09-09 12:12:12');
INSERT INTO `statistics_daily` VALUES ('1501', '2018-12-03', 751, 33, 303, 14, '2018-01-25 06:38:20', '2019-09-09 12:12:12');
INSERT INTO `statistics_daily` VALUES ('1502', '2018-12-04', 751, 33, 303, 14, '2018-01-25 06:38:20', '2019-09-09 12:12:12');
INSERT INTO `statistics_daily` VALUES ('1503', '2018-12-05', 752, 6, 304, 33, '2018-01-25 06:38:20', '2019-09-09 12:12:12');
INSERT INTO `statistics_daily` VALUES ('1505', '2018-12-07', 753, 33, 55, 14, '2018-01-25 06:38:20', '2019-09-09 12:12:12');
INSERT INTO `statistics_daily` VALUES ('1506', '2018-12-08', 753, 33, 304, 14, '2018-01-25 06:38:20', '2019-09-09 12:12:12');
INSERT INTO `statistics_daily` VALUES ('1507', '2018-12-09', 754, 33, 304, 14, '2018-01-25 06:38:20', '2019-09-09 12:12:12');
INSERT INTO `statistics_daily` VALUES ('1508', '2018-12-10', 754, 1, 305, 14, '2018-01-25 06:38:20', '2019-09-09 12:12:12');
INSERT INTO `statistics_daily` VALUES ('1509', '2018-12-11', 755, 33, 305, 14, '2018-01-25 06:38:20', '2019-09-09 12:12:12');
INSERT INTO `statistics_daily` VALUES ('1510', '2018-12-12', 755, 33, 305, 14, '2018-01-25 06:38:20', '2019-09-09 12:12:12');
INSERT INTO `statistics_daily` VALUES ('1511', '2018-12-13', 756, 33, 305, 14, '2018-01-25 06:38:20', '2019-09-09 12:12:12');
INSERT INTO `statistics_daily` VALUES ('1512', '2018-12-14', 366, 33, 305, 14, '2018-01-25 06:38:20', '2019-09-09 12:12:12');
INSERT INTO `statistics_daily` VALUES ('1513', '2018-12-15', 757, 33, 66, 14, '2018-01-25 06:38:20', '2019-09-09 12:12:12');
INSERT INTO `statistics_daily` VALUES ('1514', '2018-12-16', 757, 33, 306, 14, '2018-01-25 06:38:20', '2019-09-09 12:12:12');
INSERT INTO `statistics_daily` VALUES ('1515', '2018-12-17', 758, 33, 306, 14, '2018-01-25 06:38:20', '2019-09-09 12:12:12');
INSERT INTO `statistics_daily` VALUES ('1516', '2018-12-18', 758, 2, 306, 14, '2018-01-25 06:38:20', '2019-09-09 12:12:12');
INSERT INTO `statistics_daily` VALUES ('1517', '2018-12-19', 759, 33, 306, 14, '2018-01-25 06:38:20', '2019-09-09 12:12:12');
INSERT INTO `statistics_daily` VALUES ('1518', '2018-12-20', 564, 33, 307, 14, '2018-01-25 06:38:20', '2019-09-09 12:12:12');
INSERT INTO `statistics_daily` VALUES ('1519', '2018-12-21', 760, 33, 307, 14, '2018-01-25 06:38:20', '2019-09-09 12:12:12');
INSERT INTO `statistics_daily` VALUES ('1520', '2018-12-22', 760, 33, 307, 14, '2018-01-25 06:38:20', '2019-09-09 12:12:12');
INSERT INTO `statistics_daily` VALUES ('1521', '2018-12-23', 761, 33, 307, 14, '2018-01-25 06:38:20', '2019-09-09 12:12:12');
INSERT INTO `statistics_daily` VALUES ('1522', '2018-12-24', 761, 33, 307, 14, '2018-01-25 06:38:20', '2019-09-09 12:12:12');
INSERT INTO `statistics_daily` VALUES ('1527', '2018-12-29', 764, 34, 308, 14, '2018-01-25 06:38:20', '2019-09-09 12:12:12');
INSERT INTO `statistics_daily` VALUES ('1528', '2018-12-30', 764, 34, 309, 14, '2018-01-25 06:38:20', '2019-09-09 12:12:12');
INSERT INTO `statistics_daily` VALUES ('1529', '2018-12-31', 765, 34, 309, 14, '2018-01-25 06:38:20', '2019-09-09 12:12:12');
INSERT INTO `statistics_daily` VALUES ('1554', '2018-01-01', 333, 34, 314, 14, '2018-02-02 08:58:31', '2019-09-09 12:12:12');
INSERT INTO `statistics_daily` VALUES ('1555', '2018-01-02', 778, 34, 314, 14, '2018-02-02 08:58:31', '2019-09-09 12:12:12');
INSERT INTO `statistics_daily` VALUES ('1556', '2018-01-03', 778, 34, 314, 14, '2018-02-02 08:58:31', '2019-09-09 12:12:12');
INSERT INTO `statistics_daily` VALUES ('1557', '2018-01-04', 779, 34, 314, 14, '2018-02-02 08:58:31', '2019-09-09 12:12:12');
INSERT INTO `statistics_daily` VALUES ('1558', '2018-01-05', 779, 34, 315, 14, '2018-02-02 08:58:31', '2019-09-09 12:12:12');
INSERT INTO `statistics_daily` VALUES ('1559', '2018-01-06', 780, 34, 315, 14, '2018-02-02 08:58:31', '2019-09-09 12:12:12');
INSERT INTO `statistics_daily` VALUES ('1560', '2018-01-07', 780, 34, 315, 14, '2018-02-02 08:58:31', '2019-09-09 12:12:12');
INSERT INTO `statistics_daily` VALUES ('1561', '2018-01-08', 781, 34, 315, 14, '2018-02-02 08:58:31', '2019-09-09 12:12:12');
INSERT INTO `statistics_daily` VALUES ('1562', '2018-01-09', 781, 34, 315, 14, '2018-02-02 08:58:31', '2019-09-09 12:12:12');
INSERT INTO `statistics_daily` VALUES ('1563', '2018-01-10', 782, 34, 316, 14, '2018-02-02 08:58:31', '2019-09-09 12:12:12');
INSERT INTO `statistics_daily` VALUES ('1564', '2018-01-11', 782, 34, 316, 14, '2018-02-02 08:58:31', '2019-09-09 12:12:12');
INSERT INTO `statistics_daily` VALUES ('1565', '2018-01-12', 783, 34, 316, 14, '2018-02-02 08:58:31', '2019-09-09 12:12:12');
INSERT INTO `statistics_daily` VALUES ('1566', '2018-01-13', 783, 34, 316, 14, '2018-02-02 08:58:31', '2019-09-09 12:12:12');
INSERT INTO `statistics_daily` VALUES ('1567', '2018-01-14', 784, 34, 316, 14, '2018-02-02 08:58:31', '2019-09-09 12:12:12');
INSERT INTO `statistics_daily` VALUES ('1568', '2018-01-15', 784, 34, 317, 14, '2018-02-02 08:58:31', '2019-09-09 12:12:12');
INSERT INTO `statistics_daily` VALUES ('1569', '2018-01-16', 23, 34, 317, 14, '2018-02-02 08:58:31', '2019-09-09 12:12:12');
INSERT INTO `statistics_daily` VALUES ('1570', '2018-01-17', 785, 34, 317, 14, '2018-02-02 08:58:31', '2019-09-09 12:12:12');
INSERT INTO `statistics_daily` VALUES ('1571', '2018-01-18', 786, 34, 317, 14, '2018-02-02 08:58:31', '2019-09-09 12:12:12');
INSERT INTO `statistics_daily` VALUES ('1572', '2018-01-19', 786, 34, 317, 14, '2018-02-02 08:58:31', '2019-09-09 12:12:12');
INSERT INTO `statistics_daily` VALUES ('1573', '2018-01-20', 787, 2, 318, 14, '2018-02-02 08:58:31', '2019-09-09 12:12:12');
INSERT INTO `statistics_daily` VALUES ('1574', '2018-01-21', 787, 2, 318, 14, '2018-02-02 08:58:31', '2019-09-09 12:12:12');
INSERT INTO `statistics_daily` VALUES ('1575', '2018-01-22', 788, 1, 318, 14, '2018-02-02 08:58:31', '2019-09-09 12:12:12');
INSERT INTO `statistics_daily` VALUES ('1576', '2018-01-23', 788, 35, 318, 14, '2018-02-02 08:58:31', '2019-09-09 12:12:12');
INSERT INTO `statistics_daily` VALUES ('1577', '2018-01-24', 789, 35, 318, 14, '2018-02-02 08:58:31', '2019-09-09 12:12:12');
INSERT INTO `statistics_daily` VALUES ('1578', '2018-01-25', 789, 1, 319, 14, '2018-02-02 08:58:31', '2019-09-09 12:12:12');
INSERT INTO `statistics_daily` VALUES ('1579', '2018-01-26', 790, 1, 319, 14, '2018-02-02 08:58:31', '2019-09-09 12:12:12');
INSERT INTO `statistics_daily` VALUES ('1580', '2018-01-27', 531, 2, 319, 14, '2018-02-02 08:58:31', '2019-09-09 12:12:12');
INSERT INTO `statistics_daily` VALUES ('1581', '2018-01-28', 791, 2, 319, 14, '2018-02-02 08:58:31', '2019-09-09 12:12:12');
INSERT INTO `statistics_daily` VALUES ('1582', '2018-01-29', 791, 2, 319, 14, '2018-02-02 08:58:31', '2019-09-09 12:12:12');
INSERT INTO `statistics_daily` VALUES ('1583', '2018-01-30', 2, 4, 2, 14, '2018-02-02 08:58:31', '2019-09-09 12:12:12');
INSERT INTO `statistics_daily` VALUES ('1584', '2018-01-31', 792, 35, 320, 14, '2018-02-02 08:58:31', '2019-09-09 12:12:12');
INSERT INTO `statistics_daily` VALUES ('1586', '2018-02-01', 793, 4, 3, 14, '2018-02-25 10:54:34', '2019-09-09 12:12:12');
INSERT INTO `statistics_daily` VALUES ('1587', '2018-02-02', 794, 2, 1, 14, '2018-02-25 10:54:34', '2019-09-09 12:12:12');
INSERT INTO `statistics_daily` VALUES ('1588', '2018-02-03', 794, 1, 4, 14, '2018-02-25 10:54:34', '2019-09-09 12:12:12');
INSERT INTO `statistics_daily` VALUES ('1589', '2018-02-04', 795, 35, 321, 14, '2018-02-25 10:54:34', '2019-09-09 12:12:12');
INSERT INTO `statistics_daily` VALUES ('1590', '2018-02-05', 795, 35, 321, 14, '2018-02-25 10:54:34', '2019-09-09 12:12:12');
INSERT INTO `statistics_daily` VALUES ('1591', '2018-02-06', 796, 35, 321, 14, '2018-02-25 10:54:34', '2019-09-09 12:12:12');
INSERT INTO `statistics_daily` VALUES ('1592', '2018-02-07', 796, 35, 321, 14, '2018-02-25 10:54:34', '2019-09-09 12:12:12');
INSERT INTO `statistics_daily` VALUES ('1593', '2018-02-08', 797, 35, 322, 14, '2018-02-25 10:54:34', '2019-09-09 12:12:12');
INSERT INTO `statistics_daily` VALUES ('1594', '2018-02-09', 797, 35, 322, 14, '2018-02-25 10:54:34', '2019-09-09 12:12:12');
INSERT INTO `statistics_daily` VALUES ('1595', '2018-02-10', 99, 35, 322, 14, '2018-02-25 10:54:34', '2019-09-09 12:12:12');
INSERT INTO `statistics_daily` VALUES ('1596', '2018-02-11', 798, 35, 322, 14, '2018-02-25 10:54:34', '2019-09-09 12:12:12');
INSERT INTO `statistics_daily` VALUES ('1597', '2018-02-12', 799, 35, 322, 14, '2018-02-25 10:54:34', '2019-09-09 12:12:12');
INSERT INTO `statistics_daily` VALUES ('1598', '2018-02-13', 799, 35, 323, 14, '2018-02-25 10:54:34', '2019-09-09 12:12:12');
INSERT INTO `statistics_daily` VALUES ('1599', '2018-02-14', 800, 35, 323, 14, '2018-02-25 10:54:34', '2019-09-09 12:12:12');
INSERT INTO `statistics_daily` VALUES ('1600', '2018-02-15', 800, 35, 323, 14, '2018-02-25 10:54:34', '2019-09-09 12:12:12');
INSERT INTO `statistics_daily` VALUES ('1601', '2018-02-16', 89, 35, 90, 14, '2018-02-25 10:54:34', '2019-09-09 12:12:12');
INSERT INTO `statistics_daily` VALUES ('1602', '2018-02-17', 801, 35, 323, 14, '2018-02-25 10:54:34', '2019-09-09 12:12:12');
INSERT INTO `statistics_daily` VALUES ('1603', '2018-02-18', 802, 23, 324, 14, '2018-02-25 10:54:34', '2019-09-09 12:12:12');
INSERT INTO `statistics_daily` VALUES ('1604', '2018-02-19', 802, 2, 324, 14, '2018-02-25 10:54:34', '2019-09-09 12:12:12');
INSERT INTO `statistics_daily` VALUES ('1605', '2018-02-20', 803, 56, 324, 14, '2018-02-25 10:54:34', '2019-09-09 12:12:12');
INSERT INTO `statistics_daily` VALUES ('1606', '2018-02-21', 45, 35, 89, 14, '2018-02-25 10:54:34', '2019-09-09 12:12:12');
INSERT INTO `statistics_daily` VALUES ('1607', '2018-02-22', 804, 35, 324, 14, '2018-02-25 10:54:34', '2019-09-09 12:12:12');
INSERT INTO `statistics_daily` VALUES ('1608', '2018-02-23', 804, 35, 325, 14, '2018-02-25 10:54:34', '2019-09-09 12:12:12');
INSERT INTO `statistics_daily` VALUES ('1609', '2018-02-24', 805, 1, 3, 14, '2018-02-25 10:54:34', '2019-09-09 12:12:12');
INSERT INTO `statistics_daily` VALUES ('1610', '2018-05-15', 0, 1, 0, 7, '2018-05-16 00:25:27', '2019-09-09 12:12:12');
INSERT INTO `statistics_daily` VALUES ('1611', '2018-10-01', 1, 1, 0, 7, '2018-10-24 16:17:15', '2019-09-09 12:12:12');
INSERT INTO `statistics_daily` VALUES ('1612', '2018-10-02', 0, 1, 0, 7, '2018-10-24 16:17:15', '2019-09-09 12:12:12');
INSERT INTO `statistics_daily` VALUES ('1613', '2018-10-03', 1, 1, 0, 7, '2018-10-24 16:17:15', '2019-09-09 12:12:12');
INSERT INTO `statistics_daily` VALUES ('1614', '2018-10-04', 1, 1, 0, 7, '2018-10-24 16:17:15', '2019-09-09 12:12:12');
INSERT INTO `statistics_daily` VALUES ('1615', '2018-10-05', 0, 0, 0, 7, '2018-10-24 16:17:15', '2019-09-09 12:12:12');
INSERT INTO `statistics_daily` VALUES ('1673585829504733185', '2023-06-21', 1, 138, 156, 119, '2023-06-27 14:55:30', '2023-06-27 14:55:30');
INSERT INTO `statistics_daily` VALUES ('1673601822620659713', '2023-06-23', 1, 169, 149, 196, '2023-06-27 15:59:03', '2023-06-27 15:59:03');
INSERT INTO `statistics_daily` VALUES ('1673620472513736706', '2023-06-24', 0, 157, 106, 151, '2023-06-27 17:13:10', '2023-06-27 17:13:10');

-- ----------------------------
-- Table structure for t_order
-- ----------------------------
DROP TABLE IF EXISTS `t_order`;
CREATE TABLE `t_order`  (
  `id` char(19) CHARACTER SET utf8mb4 COLLATE utf8mb4_general_ci NOT NULL DEFAULT '',
  `order_no` varchar(20) CHARACTER SET utf8mb4 COLLATE utf8mb4_general_ci NOT NULL DEFAULT '' COMMENT '订单号',
  `course_id` varchar(19) CHARACTER SET utf8mb4 COLLATE utf8mb4_general_ci NOT NULL DEFAULT '' COMMENT '课程id',
  `course_title` varchar(100) CHARACTER SET utf8mb4 COLLATE utf8mb4_general_ci NULL DEFAULT NULL COMMENT '课程名称',
  `course_cover` varchar(255) CHARACTER SET utf8mb4 COLLATE utf8mb4_general_ci NULL DEFAULT NULL COMMENT '课程封面',
  `teacher_name` varchar(20) CHARACTER SET utf8mb4 COLLATE utf8mb4_general_ci NULL DEFAULT NULL COMMENT '讲师名称',
  `member_id` varchar(19) CHARACTER SET utf8mb4 COLLATE utf8mb4_general_ci NOT NULL DEFAULT '' COMMENT '会员id',
  `nickname` varchar(50) CHARACTER SET utf8mb4 COLLATE utf8mb4_general_ci NULL DEFAULT NULL COMMENT '会员昵称',
  `mobile` varchar(11) CHARACTER SET utf8mb4 COLLATE utf8mb4_general_ci NULL DEFAULT NULL COMMENT '会员手机',
  `total_fee` decimal(10, 2) NULL DEFAULT 0.01 COMMENT '订单金额（分）',
  `pay_type` tinyint(3) NULL DEFAULT NULL COMMENT '支付类型（1：微信 2：支付宝）',
  `status` tinyint(3) NULL DEFAULT NULL COMMENT '订单状态（0：未支付 1：已支付）',
  `is_deleted` tinyint(1) UNSIGNED NOT NULL DEFAULT 0 COMMENT '逻辑删除 1（true）已删除， 0（false）未删除',
  `gmt_create` datetime(0) NOT NULL COMMENT '创建时间',
  `gmt_modified` datetime(0) NOT NULL COMMENT '更新时间',
  PRIMARY KEY (`id`) USING BTREE,
  UNIQUE INDEX `ux_order_no`(`order_no`) USING BTREE,
  INDEX `idx_course_id`(`course_id`) USING BTREE,
  INDEX `idx_member_id`(`member_id`) USING BTREE
) ENGINE = InnoDB CHARACTER SET = utf8mb4 COLLATE = utf8mb4_general_ci COMMENT = '订单' ROW_FORMAT = Dynamic;

-- ----------------------------
-- Records of t_order
-- ----------------------------
INSERT INTO `t_order` VALUES ('1195693605513891841', '1195693605555834880', '18', 'Java精品课程', 'http://online-education-chn.oss-cn-beijing.aliyuncs.com/cover/2023/07/02/71595b83dcb64b489625b3dda932c04c.jpg', '晴天', '1', '小三1231', '13700000001', 1.00, 2, 0, 0, '2019-11-16 21:22:25', '2019-11-16 21:22:25');
INSERT INTO `t_order` VALUES ('1195694200178118657', '1195694200186507264', '18', 'Java精品课程', 'http://online-education-chn.oss-cn-beijing.aliyuncs.com/cover/2023/07/02/71595b83dcb64b489625b3dda932c04c.jpg', '晴天', '1', '小三1231', '13700000001', 1.00, 2, 0, 0, '2019-11-16 21:24:47', '2019-11-16 21:24:47');
INSERT INTO `t_order` VALUES ('1196264007411744769', '1196264005255872512', '1192252213659774977', 'java基础课程：test', 'https://online-education-chn.oss-cn-beijing.aliyuncs.com/cover/default2.jpg', '晴天', '1', '小三1231', '13700000001', 1.00, 2, 1, 0, '2019-11-18 11:09:00', '2019-11-18 11:10:14');
INSERT INTO `t_order` VALUES ('1196265495278174209', '1196265495273979904', '18', 'Java精品课程', 'http://online-education-chn.oss-cn-beijing.aliyuncs.com/cover/2023/07/02/71595b83dcb64b489625b3dda932c04c.jpg', '晴天', '1', '小三1231', '13700000001', 1.00, 2, 0, 0, '2019-11-18 11:14:54', '2019-11-18 11:14:54');
INSERT INTO `t_order` VALUES ('1673248300595273730', '20230626163416876', '18', 'Java精品课程', 'http://online-education-chn.oss-cn-beijing.aliyuncs.com/cover/2023/07/02/71595b83dcb64b489625b3dda932c04c.jpg', '晴天', '1671420875431223297', 'nick', '15145842618', 0.01, 1, 0, 0, '2023-06-26 16:34:17', '2023-06-26 16:34:17');
INSERT INTO `t_order` VALUES ('1673262860391772162', '20230626173207274', '1672483700106883074', '数据结构与算法', 'http://online-education-chn.oss-cn-beijing.aliyuncs.com/cover/2023/07/02/b67f639a877344ed980244c2eb5e4b5f.jpg', '张三', '1671420875431223297', 'nick', '15145842618', 0.01, 1, 1, 0, '2023-06-26 17:32:08', '2023-06-26 20:20:34');
INSERT INTO `t_order` VALUES ('1673534338525929474', '20230627113053319', '18', 'Java精品课程', 'http://online-education-chn.oss-cn-beijing.aliyuncs.com/cover/2023/07/02/71595b83dcb64b489625b3dda932c04c.jpg', '晴天', '1671420875431223297', 'nick', '15145842618', 0.01, 1, 1, 0, '2023-06-27 11:30:54', '2023-06-27 11:31:57');

-- ----------------------------
-- Table structure for t_pay_log
-- ----------------------------
DROP TABLE IF EXISTS `t_pay_log`;
CREATE TABLE `t_pay_log`  (
  `id` char(19) CHARACTER SET utf8mb4 COLLATE utf8mb4_general_ci NOT NULL DEFAULT '',
  `order_no` varchar(20) CHARACTER SET utf8mb4 COLLATE utf8mb4_general_ci NOT NULL DEFAULT '' COMMENT '订单号',
  `pay_time` datetime(0) NULL DEFAULT NULL COMMENT '支付完成时间',
  `total_fee` decimal(10, 2) NULL DEFAULT 0.01 COMMENT '支付金额（分）',
  `transaction_id` varchar(30) CHARACTER SET utf8mb4 COLLATE utf8mb4_general_ci NULL DEFAULT NULL COMMENT '交易流水号',
  `trade_state` char(20) CHARACTER SET utf8mb4 COLLATE utf8mb4_general_ci NULL DEFAULT NULL COMMENT '交易状态',
  `pay_type` tinyint(3) NOT NULL DEFAULT 0 COMMENT '支付类型（1：微信 2：支付宝）',
  `attr` text CHARACTER SET utf8mb4 COLLATE utf8mb4_general_ci NULL COMMENT '其他属性',
  `is_deleted` tinyint(1) UNSIGNED NOT NULL DEFAULT 0 COMMENT '逻辑删除 1（true）已删除， 0（false）未删除',
  `gmt_create` datetime(0) NOT NULL COMMENT '创建时间',
  `gmt_modified` datetime(0) NOT NULL COMMENT '更新时间',
  PRIMARY KEY (`id`) USING BTREE,
  UNIQUE INDEX `uk_order_no`(`order_no`) USING BTREE
) ENGINE = InnoDB CHARACTER SET = utf8mb4 COLLATE = utf8mb4_general_ci COMMENT = '支付日志表' ROW_FORMAT = Dynamic;

-- ----------------------------
-- Records of t_pay_log
-- ----------------------------
INSERT INTO `t_pay_log` VALUES ('1194498446013001730', '1194498300579704832', '2019-11-13 14:13:17', 1.00, '4200000469201911130676624386', 'SUCCESS', 1, '{\"transaction_id\":\"4200000469201911130676624386\",\"nonce_str\":\"2Lc23ILl231It53M\",\"trade_state\":\"SUCCESS\",\"bank_type\":\"CFT\",\"openid\":\"oNpSGwR-QGG5DaZtDkh2UZlsFDQE\",\"sign\":\"5404850AA3ED0E844DE104651477F07A\",\"return_msg\":\"OK\",\"fee_type\":\"CNY\",\"mch_id\":\"1473426802\",\"cash_fee\":\"1\",\"out_trade_no\":\"1194498300579704832\",\"cash_fee_type\":\"CNY\",\"appid\":\"wx8397f8696b538317\",\"total_fee\":\"1\",\"trade_state_desc\":\"支付成功\",\"trade_type\":\"NATIVE\",\"result_code\":\"SUCCESS\",\"attach\":\"\",\"time_end\":\"20191113141314\",\"is_subscribe\":\"N\",\"return_code\":\"SUCCESS\"}', 0, '2019-11-13 14:13:17', '2019-11-13 14:13:17');
INSERT INTO `t_pay_log` VALUES ('1195253787449430017', '1195253049260314624', '2019-11-15 16:14:44', 1.00, '4200000454201911150981874895', 'SUCCESS', 1, '{\"transaction_id\":\"4200000454201911150981874895\",\"nonce_str\":\"MAM5UM4Xhv1lItvO\",\"trade_state\":\"SUCCESS\",\"bank_type\":\"CFT\",\"openid\":\"oNpSGwR-QGG5DaZtDkh2UZlsFDQE\",\"sign\":\"7DBDCAF4A078B30BB3EF073E6A238C20\",\"return_msg\":\"OK\",\"fee_type\":\"CNY\",\"mch_id\":\"1473426802\",\"cash_fee\":\"1\",\"out_trade_no\":\"1195253049260314624\",\"cash_fee_type\":\"CNY\",\"appid\":\"wx8397f8696b538317\",\"total_fee\":\"1\",\"trade_state_desc\":\"支付成功\",\"trade_type\":\"NATIVE\",\"result_code\":\"SUCCESS\",\"attach\":\"\",\"time_end\":\"20191115161440\",\"is_subscribe\":\"N\",\"return_code\":\"SUCCESS\"}', 0, '2019-11-15 16:14:44', '2019-11-15 16:14:44');
INSERT INTO `t_pay_log` VALUES ('1196264321397342210', '1196264005255872512', '2019-11-18 11:10:14', 1.00, '4200000453201911184025781554', 'SUCCESS', 1, '{\"transaction_id\":\"4200000453201911184025781554\",\"nonce_str\":\"D1dHexCLIFIxAAg2\",\"trade_state\":\"SUCCESS\",\"bank_type\":\"CFT\",\"openid\":\"oNpSGwR-QGG5DaZtDkh2UZlsFDQE\",\"sign\":\"C9F5CA1EE49EA7891736D73BEB423962\",\"return_msg\":\"OK\",\"fee_type\":\"CNY\",\"mch_id\":\"1473426802\",\"cash_fee\":\"1\",\"out_trade_no\":\"1196264005255872512\",\"cash_fee_type\":\"CNY\",\"appid\":\"wx8397f8696b538317\",\"total_fee\":\"1\",\"trade_state_desc\":\"支付成功\",\"trade_type\":\"NATIVE\",\"result_code\":\"SUCCESS\",\"attach\":\"\",\"time_end\":\"20191118111011\",\"is_subscribe\":\"N\",\"return_code\":\"SUCCESS\"}', 0, '2019-11-18 11:10:14', '2019-11-18 11:10:14');
INSERT INTO `t_pay_log` VALUES ('1673305248271249409', '20230626173207274', '2023-06-26 20:20:34', 0.01, '4200001808202306268772850640', 'SUCCESS', 1, '{\"transaction_id\":\"4200001808202306268772850640\",\"nonce_str\":\"CiP4WsFLS2EZj64J\",\"trade_state\":\"SUCCESS\",\"bank_type\":\"OTHERS\",\"openid\":\"oHwsHuD8TomYlgXdKAYjuIqf_paU\",\"sign\":\"3E5DD1040E72EDBE3F44AF3373466ED3\",\"return_msg\":\"OK\",\"fee_type\":\"CNY\",\"mch_id\":\"1558950191\",\"cash_fee\":\"1\",\"out_trade_no\":\"20230626173207274\",\"cash_fee_type\":\"CNY\",\"appid\":\"wx74862e0dfcf69954\",\"total_fee\":\"1\",\"trade_state_desc\":\"支付成功\",\"trade_type\":\"NATIVE\",\"result_code\":\"SUCCESS\",\"attach\":\"\",\"time_end\":\"20230626202030\",\"is_subscribe\":\"N\",\"return_code\":\"SUCCESS\"}', 0, '2023-06-26 20:20:34', '2023-06-26 20:20:34');
INSERT INTO `t_pay_log` VALUES ('1673534604067315713', '20230627113053319', '2023-06-27 11:31:57', 0.01, '4200001818202306274419684759', 'SUCCESS', 1, '{\"transaction_id\":\"4200001818202306274419684759\",\"nonce_str\":\"uUHJ7lZzC8vQiXQT\",\"trade_state\":\"SUCCESS\",\"bank_type\":\"OTHERS\",\"openid\":\"oHwsHuD8TomYlgXdKAYjuIqf_paU\",\"sign\":\"61584BDA8250A81B2BDD8C55615DCF2C\",\"return_msg\":\"OK\",\"fee_type\":\"CNY\",\"mch_id\":\"1558950191\",\"cash_fee\":\"1\",\"out_trade_no\":\"20230627113053319\",\"cash_fee_type\":\"CNY\",\"appid\":\"wx74862e0dfcf69954\",\"total_fee\":\"1\",\"trade_state_desc\":\"支付成功\",\"trade_type\":\"NATIVE\",\"result_code\":\"SUCCESS\",\"attach\":\"\",\"time_end\":\"20230627113154\",\"is_subscribe\":\"N\",\"return_code\":\"SUCCESS\"}', 0, '2023-06-27 11:31:57', '2023-06-27 11:31:57');

-- ----------------------------
-- Table structure for ucenter_member
-- ----------------------------
DROP TABLE IF EXISTS `ucenter_member`;
CREATE TABLE `ucenter_member`  (
  `id` char(19) CHARACTER SET utf8mb4 COLLATE utf8mb4_general_ci NOT NULL COMMENT '会员id',
  `openid` varchar(128) CHARACTER SET utf8mb4 COLLATE utf8mb4_general_ci NULL DEFAULT NULL COMMENT '微信openid',
  `mobile` varchar(11) CHARACTER SET utf8mb4 COLLATE utf8mb4_general_ci NULL DEFAULT '' COMMENT '手机号',
  `password` varchar(255) CHARACTER SET utf8mb4 COLLATE utf8mb4_general_ci NULL DEFAULT NULL COMMENT '密码',
  `nickname` varchar(50) CHARACTER SET utf8mb4 COLLATE utf8mb4_general_ci NULL DEFAULT NULL COMMENT '昵称',
  `sex` tinyint(2) UNSIGNED NULL DEFAULT NULL COMMENT '性别 1 女，2 男',
  `age` tinyint(3) UNSIGNED NULL DEFAULT NULL COMMENT '年龄',
  `avatar` varchar(255) CHARACTER SET utf8mb4 COLLATE utf8mb4_general_ci NULL DEFAULT NULL COMMENT '用户头像',
  `sign` varchar(100) CHARACTER SET utf8mb4 COLLATE utf8mb4_general_ci NULL DEFAULT NULL COMMENT '用户签名',
  `is_disabled` tinyint(1) NOT NULL DEFAULT 0 COMMENT '是否禁用 1（true）已禁用，  0（false）未禁用',
  `is_deleted` tinyint(1) NOT NULL DEFAULT 0 COMMENT '逻辑删除 1（true）已删除， 0（false）未删除',
  `gmt_create` datetime(0) NOT NULL COMMENT '创建时间',
  `gmt_modified` datetime(0) NOT NULL COMMENT '更新时间',
  PRIMARY KEY (`id`) USING BTREE
) ENGINE = InnoDB CHARACTER SET = utf8mb4 COLLATE = utf8mb4_general_ci COMMENT = '会员表' ROW_FORMAT = Dynamic;

-- ----------------------------
-- Records of ucenter_member
-- ----------------------------
INSERT INTO `ucenter_member` VALUES ('1', NULL, '13700000001', '96e79218965eb72c92a549dd5a330112', 'admin', 1, 5, 'https://online-education-chn.oss-cn-beijing.aliyuncs.com/avatar/default.jpg', NULL, 0, 0, '2019-01-01 12:11:33', '2019-11-08 11:56:01');
INSERT INTO `ucenter_member` VALUES ('1080736474267144193', NULL, '13700000011', '96e79218965eb72c92a549dd5a330112', '用户XJtDfaYeKk', 1, 19, 'http://thirdwx.qlogo.cn/mmopen/vi_32/DYAIOgq83eoj0hHXhgJNOTSOFsS4uZs8x1ConecaVOB8eIl115xmJZcT4oCicvia7wMEufibKtTLqiaJeanU2Lpg3w/132', NULL, 0, 0, '2019-01-02 12:12:45', '2019-01-02 12:12:56');
INSERT INTO `ucenter_member` VALUES ('1080736474355224577', NULL, '13700000002', '96e79218965eb72c92a549dd5a330112', '用户wUrNkzAPrc', 1, 27, 'http://thirdwx.qlogo.cn/mmopen/vi_32/DYAIOgq83eoj0hHXhgJNOTSOFsS4uZs8x1ConecaVOB8eIl115xmJZcT4oCicvia7wMEufibKtTLqiaJeanU2Lpg3w/132', NULL, 0, 0, '2019-01-02 12:13:56', '2019-01-02 12:14:07');
INSERT INTO `ucenter_member` VALUES ('1086387099449442306', NULL, '13520191388', '96e79218965eb72c92a549dd5a330112', '用户XTMUeHDAoj', 2, 20, 'http://thirdwx.qlogo.cn/mmopen/vi_32/DYAIOgq83eoj0hHXhgJNOTSOFsS4uZs8x1ConecaVOB8eIl115xmJZcT4oCicvia7wMEufibKtTLqiaJeanU2Lpg3w/132', NULL, 0, 0, '2019-01-19 06:17:23', '2019-01-19 06:17:23');
INSERT INTO `ucenter_member` VALUES ('1086387099520745473', NULL, '13520191389', '96e79218965eb72c92a549dd5a330112', '用户vSdKeDlimn', 1, 21, 'http://thirdwx.qlogo.cn/mmopen/vi_32/DYAIOgq83eoj0hHXhgJNOTSOFsS4uZs8x1ConecaVOB8eIl115xmJZcT4oCicvia7wMEufibKtTLqiaJeanU2Lpg3w/132', NULL, 0, 0, '2019-01-19 06:17:23', '2019-01-19 06:17:23');
INSERT INTO `ucenter_member` VALUES ('1086387099608825858', NULL, '13520191381', '96e79218965eb72c92a549dd5a330112', '用户EoyWUVXQoP', 1, 18, 'http://thirdwx.qlogo.cn/mmopen/vi_32/DYAIOgq83eoj0hHXhgJNOTSOFsS4uZs8x1ConecaVOB8eIl115xmJZcT4oCicvia7wMEufibKtTLqiaJeanU2Lpg3w/132', NULL, 0, 0, '2019-01-19 06:17:23', '2019-01-19 06:17:23');
INSERT INTO `ucenter_member` VALUES ('1086387099701100545', NULL, '13520191382', '96e79218965eb72c92a549dd5a330112', '用户LcAYbxLNdN', 2, 24, 'http://thirdwx.qlogo.cn/mmopen/vi_32/DYAIOgq83eoj0hHXhgJNOTSOFsS4uZs8x1ConecaVOB8eIl115xmJZcT4oCicvia7wMEufibKtTLqiaJeanU2Lpg3w/132', NULL, 0, 0, '2019-01-19 06:17:23', '2019-01-19 06:17:23');
INSERT INTO `ucenter_member` VALUES ('1086387099776598018', NULL, '13520191383', '96e79218965eb72c92a549dd5a330112', '用户dZdjcgltnk', 2, 25, 'http://thirdwx.qlogo.cn/mmopen/vi_32/DYAIOgq83eoj0hHXhgJNOTSOFsS4uZs8x1ConecaVOB8eIl115xmJZcT4oCicvia7wMEufibKtTLqiaJeanU2Lpg3w/132', NULL, 0, 0, '2019-01-19 06:17:23', '2019-01-19 06:17:23');
INSERT INTO `ucenter_member` VALUES ('1086387099852095490', NULL, '13520191384', '96e79218965eb72c92a549dd5a330112', '用户wNHGHlxUwX', 2, 23, 'http://thirdwx.qlogo.cn/mmopen/vi_32/DYAIOgq83eoj0hHXhgJNOTSOFsS4uZs8x1ConecaVOB8eIl115xmJZcT4oCicvia7wMEufibKtTLqiaJeanU2Lpg3w/132', NULL, 0, 0, '2019-01-19 06:17:23', '2019-01-19 06:17:23');
INSERT INTO `ucenter_member` VALUES ('1106746895272849410', 'o1R-t5u2TfEVeVjO9CPGdHPNw-to', NULL, NULL, '檀梵\'', NULL, NULL, 'http://thirdwx.qlogo.cn/mmopen/vi_32/zZfLXcetf2Rpsibq6HbPUWKgWSJHtha9y1XBeaqluPUs6BYicW1FJaVqj7U3ozHd3iaodGKJOvY2PvqYTuCKwpyfQ/132', NULL, 0, 0, '2019-03-16 10:39:57', '2019-03-16 10:39:57');
INSERT INTO `ucenter_member` VALUES ('1106822699956654081', NULL, NULL, NULL, NULL, NULL, NULL, 'http://thirdwx.qlogo.cn/mmopen/vi_32/DYAIOgq83eoj0hHXhgJNOTSOFsS4uZs8x1ConecaVOB8eIl115xmJZcT4oCicvia7wMEufibKtTLqiaJeanU2Lpg3w/132', NULL, 0, 0, '2019-03-16 15:41:10', '2019-03-16 15:41:10');
INSERT INTO `ucenter_member` VALUES ('1106823035660357634', 'o1R-t5i4gENwHYRb5lVFy98Z0bdk', NULL, NULL, 'GaoSir', NULL, NULL, 'http://thirdwx.qlogo.cn/mmopen/vi_32/Q0j4TwGTfTJI53RcCuc1no02os6ZrattWGiazlPnicoZQ59zkS7phNdLEWUPDk8fzoxibAnXV1Sbx0trqXEsGhXPw/132', NULL, 0, 0, '2019-03-16 15:42:30', '2019-03-16 15:42:30');
INSERT INTO `ucenter_member` VALUES ('1106823041599492098', NULL, NULL, NULL, NULL, NULL, NULL, 'http://thirdwx.qlogo.cn/mmopen/vi_32/DYAIOgq83eoj0hHXhgJNOTSOFsS4uZs8x1ConecaVOB8eIl115xmJZcT4oCicvia7wMEufibKtTLqiaJeanU2Lpg3w/132', NULL, 0, 0, '2019-03-16 15:42:32', '2019-03-16 15:42:32');
INSERT INTO `ucenter_member` VALUES ('1106823115788341250', 'o1R-t5l_3rnbZbn4jWwFdy6Gk6cg', NULL, NULL, '换个网名哇、', NULL, NULL, 'http://thirdwx.qlogo.cn/mmopen/vi_32/jJHyeM0EN2jhB70LntI3k8fEKe7W6CwykrKMgDJM4VZqCpcxibVibX397p0vmbKURGkLS4jxjGB0GpZfxCicgt07w/132', NULL, 0, 0, '2019-03-16 15:42:49', '2019-03-16 15:42:49');
INSERT INTO `ucenter_member` VALUES ('1106826046730227714', 'o1R-t5gyxumyBqt0CWcnh0S6Ya1g', NULL, NULL, '我是Helen', NULL, NULL, 'http://thirdwx.qlogo.cn/mmopen/vi_32/Q0j4TwGTfTKDRfib8wy7A2ltERKh4VygxdjVC1x5OaOb1t9hot4JNt5agwaVLdJLcD9vJCNcxkvQnlvLYIPfrZw/132', NULL, 0, 0, '2019-03-16 15:54:28', '2019-03-16 15:54:28');
INSERT INTO `ucenter_member` VALUES ('1106828185829490690', 'o1R-t5nNlou5lRwBVgGNJFm4rbc4', NULL, NULL, ' 虎头', NULL, NULL, 'http://thirdwx.qlogo.cn/mmopen/vi_32/Q0j4TwGTfTKxCqRzuYWQmpwiaqQEjNxbC7WicebicXQusU306jgmfoOzUcFg1qaDq5BStiblwBjw5dUOblQ2gUicQOQ/132', NULL, 0, 0, '2019-03-16 16:02:58', '2019-03-16 16:02:58');
INSERT INTO `ucenter_member` VALUES ('1106830599651442689', 'o1R-t5hZHQB1cbX7HZJsiM727_SA', NULL, NULL, '是吴啊', NULL, NULL, 'http://thirdwx.qlogo.cn/mmopen/vi_32/Q0j4TwGTfTJ9CsqApybcs7f3Dyib9IxIh0sBqJb7LicbjU4WticJFF0PVwFvHgtbFdBwfmk3H2t3NyqmEmVx17tRA/132', NULL, 0, 0, '2019-03-16 16:12:34', '2019-03-16 16:12:34');
INSERT INTO `ucenter_member` VALUES ('1106830976199278593', 'o1R-t5meKOoyEJ3-IhWRCBKFcvzU', NULL, NULL, '我才是Helen', NULL, NULL, 'http://thirdwx.qlogo.cn/mmopen/vi_32/DYAIOgq83epMicP9UT6mVjYWdno0OJZkOXiajG0sllJTbGJ9DYiceej2XvbDSGCK8LCF7jv1PuG2uoYlePWic9XO8A/132', NULL, 0, 0, '2019-03-16 16:14:03', '2019-03-16 16:14:03');
INSERT INTO `ucenter_member` VALUES ('1106831936900415490', 'o1R-t5jXYSWakGtnUBnKbfVT5Iok', NULL, NULL, '文若姬', NULL, NULL, 'http://thirdwx.qlogo.cn/mmopen/vi_32/3HEmJwpSzguqqAyzmBwqT6aicIanswZibEOicQInQJI3ZY1qmu59icJC6N7SahKqWYv24GvX5KH2fibwt0mPWcTJ3fg/132', NULL, 0, 0, '2019-03-16 16:17:52', '2019-03-16 16:17:52');
INSERT INTO `ucenter_member` VALUES ('1106832491064442882', 'oRrdQt7g1sRhsz7YK4m_VtrWVfJY', NULL, NULL, '海之恋', NULL, NULL, 'http://thirdwx.qlogo.cn/mmopen/vi_32/sWjYNDKoU4aW5Pbnl1Snt4kINSpSv4Bfqm7yXSTa8cQa0SPY9ncC1vxUmn1MSIK6Ik0nYCxkSdSEkZ2r4YLibYQ/132', NULL, 0, 0, '2019-03-16 16:20:04', '2019-03-16 16:20:04');
INSERT INTO `ucenter_member` VALUES ('1106833021442510849', 'o1R-oXfUD0Qfb4zpJKi7clJf8o2yZyLo', NULL, NULL, '深海', NULL, NULL, 'http://thirdwx.qlogo.cn/mmopen/vi_32/Q0j4TwGTfTJPRMhduLbDgmj9mud9LUibylfb09iacQ1lXW3znP1KVAhrhMRR84AgYLzOowk4KKFSe1nj65eqnXgg/132', NULL, 0, 0, '2019-03-16 16:22:11', '2019-03-16 16:22:11');
INSERT INTO `ucenter_member` VALUES ('1191600824445046786', NULL, '15210078344', '96e79218965eb72c92a549dd5a330112', 'IT妖姬', 1, 5, 'http://thirdwx.qlogo.cn/mmopen/vi_32/DYAIOgq83eoj0hHXhgJNOTSOFsS4uZs8x1ConecaVOB8eIl115xmJZcT4oCicvia7wMEufibKtTLqiaJeanU2Lpg3w/132', NULL, 0, 0, '2019-11-05 14:19:10', '2019-11-08 18:04:43');
INSERT INTO `ucenter_member` VALUES ('1191616288114163713', NULL, '17866603606', '96e79218965eb72c92a549dd5a330112', 'xiaowu', NULL, NULL, 'http://thirdwx.qlogo.cn/mmopen/vi_32/DYAIOgq83eoj0hHXhgJNOTSOFsS4uZs8x1ConecaVOB8eIl115xmJZcT4oCicvia7wMEufibKtTLqiaJeanU2Lpg3w/132', NULL, 0, 0, '2019-11-05 15:20:37', '2019-11-05 15:20:37');
INSERT INTO `ucenter_member` VALUES ('1195187659054329857', NULL, '15010546384', '96e79218965eb72c92a549dd5a330112', 'qy', NULL, NULL, 'http://thirdwx.qlogo.cn/mmopen/vi_32/DYAIOgq83eoj0hHXhgJNOTSOFsS4uZs8x1ConecaVOB8eIl115xmJZcT4oCicvia7wMEufibKtTLqiaJeanU2Lpg3w/132', NULL, 0, 0, '2019-11-15 11:51:58', '2019-11-15 11:51:58');
INSERT INTO `ucenter_member` VALUES ('1671420875431223297', NULL, '15145842618', 'bfd925fa86084bd0300fde7fd05ddd97', 'nick', 1, 17, 'https://online-education-chn.oss-cn-beijing.aliyuncs.com/avatar/default.jpg', NULL, 0, 0, '2023-06-21 15:32:45', '2023-06-21 15:32:45');
INSERT INTO `ucenter_member` VALUES ('1672148485295575042', 'o3_SC52dfhyQfxxt7ixel81ejKrs', '', NULL, 'helloWorld', NULL, NULL, 'https://thirdwx.qlogo.cn/mmopen/vi_32/Q0j4TwGTfTKDLEPxpE3gIP2Vvicm9fYR67kibBPrPiaWWCFBdDkkfcngiaZrXEC6ztiayviaL4EFJENibRDLyXfGwKLAg/132', NULL, 0, 0, '2023-06-23 15:44:01', '2023-06-23 15:44:01');

SET FOREIGN_KEY_CHECKS = 1;
